date,mentions
2020-01-01,5
2020-01-02,10
2020-01-03,9
2020-01-04,12
2020-01-05,9
2020-01-06,16
2020-01-07,41
2020-01-08,34
2020-01-09,10
2020-01-10,16
2020-01-11,14
2020-01-12,24
2020-01-13,9
2020-01-14,13
2020-01-15,16
2020-01-16,32
2020-01-17,90
2020-01-18,34
2020-01-19,33
2020-01-20,29
2020-01-21,32
2020-01-22,79
2020-01-23,84
2020-01-24,40
2020-01-25,11
2020-01-26,33
2020-01-27,20
2020-01-28,27
2020-01-29,17
2020-01-30,17
2020-01-31,25
2020-02-01,17
2020-02-02,8
2020-02-03,21
2020-02-04,24
2020-02-05,59
2020-02-06,47
2020-02-07,8
2020-02-08,15
2020-02-09,7
2020-02-10,41
2020-02-11,31
2020-02-12,33
2020-02-13,31
2020-02-14,21
2020-02-15,12
2020-02-16,8
2020-02-17,12
2020-02-18,22
2020-02-19,28
2020-02-20,103
2020-02-21,35
2020-02-22,13
2020-02-23,12
2020-02-24,29
2020-02-25,10
2020-02-26,20
2020-02-27,41
2020-02-28,14
2020-02-29,43
2020-03-01,8
2020-03-02,13
2020-03-03,28
2020-03-04,18
2020-03-05,23
2020-03-06,15
2020-03-07,10
2020-03-08,16
2020-03-09,22
2020-03-10,30
2020-03-11,13
2020-03-12,13
2020-03-13,18
2020-03-14,2
2020-03-15,2
2020-03-16,10
2020-03-17,2
2020-03-18,14
2020-03-19,18
2020-03-20,20
2020-03-21,4
2020-03-22,8
2020-03-23,6
2020-03-24,15
2020-03-25,10
2020-03-26,14
2020-03-27,12
2020-03-28,3
2020-03-29,3
2020-03-30,8
2020-03-31,15
2020-04-01,10
2020-04-02,9
2020-04-03,10
2020-04-04,14
2020-04-05,7
2020-04-06,12
2020-04-07,8
2020-04-08,9
2020-04-09,16
2020-04-10,14
2020-04-11,5
2020-04-12,2
2020-04-13,30
2020-04-14,13
2020-04-15,12
2020-04-16,19
2020-04-17,15
2020-04-18,4
2020-04-19,6
2020-04-20,10
2020-04-21,14
2020-04-22,17
2020-04-23,12
2020-04-24,42
2020-04-25,8
2020-04-26,6
2020-04-27,8
2020-04-28,13
2020-04-29,13
2020-04-30,13
2020-05-01,13
2020-05-02,4
2020-05-03,15
2020-05-04,33
2020-05-05,18
2020-05-06,16
2020-05-07,5
2020-05-08,13
2020-05-09,11
2020-05-10,14
2020-05-11,19
2020-05-12,19
2020-05-13,26
2020-05-14,4
2020-05-15,12
2020-05-16,12
2020-05-17,11
2020-05-18,11
2020-05-19,10
2020-05-20,21
2020-05-21,15
2020-05-22,13
2020-05-23,4
2020-05-24,5
2020-05-25,12
2020-05-26,12
2020-05-27,12
2020-05-28,15
2020-05-29,28
2020-05-30,12
2020-05-31,35
2020-06-01,57
2020-06-02,23
2020-06-03,29
2020-06-04,22
2020-06-05,31
2020-06-06,6
2020-06-07,5
2020-06-08,7
2020-06-09,17
2020-06-10,9
2020-06-11,67
2020-06-12,26
2020-06-13,31
2020-06-14,6
2020-06-15,16
2020-06-16,12
2020-06-17,19
2020-06-18,25
2020-06-19,23
2020-06-20,9
2020-06-21,9
2020-06-22,11
2020-06-23,18
2020-06-24,19
2020-06-25,27
2020-06-26,121
2020-06-27,13
2020-06-28,12
2020-06-29,76
2020-06-30,156
2020-07-01,115
2020-07-02,24
2020-07-03,12
2020-07-04,65
2020-07-05,12
2020-07-06,16
2020-07-07,16
2020-07-08,104
2020-07-09,27
2020-07-10,23
2020-07-11,11
2020-07-12,9
2020-07-13,18
2020-07-14,33
2020-07-15,27
2020-07-16,17
2020-07-17,16
2020-07-18,11
2020-07-19,15
2020-07-20,27
2020-07-21,15
2020-07-22,32
2020-07-23,36
2020-07-24,19
2020-07-25,8
2020-07-26,6
2020-07-27,34
2020-07-28,21
2020-07-29,44
2020-07-30,21
2020-07-31,18
2020-08-01,12
2020-08-02,3
2020-08-03,10
2020-08-04,13
2020-08-05,15
2020-08-06,17
2020-08-07,7
2020-08-08,10
2020-08-09,4
2020-08-10,20
2020-08-11,20
2020-08-12,16
2020-08-13,14
2020-08-14,48
2020-08-15,122
2020-08-16,8
2020-08-17,11
2020-08-18,13
2020-08-19,38
2020-08-20,29
2020-08-21,23
2020-08-22,10
2020-08-23,7
2020-08-24,87
2020-08-25,17
2020-08-26,24
2020-08-27,21
2020-08-28,16
2020-08-29,7
2020-08-30,5
2020-08-31,7
2020-09-01,11
2020-09-02,17
2020-09-03,21
2020-09-04,41
2020-09-05,9
2020-09-06,20
2020-09-07,11
2020-09-08,37
2020-09-09,10
2020-09-10,87
2020-09-11,66
2020-09-12,13
2020-09-13,14
2020-09-14,19
2020-09-15,16
2020-09-16,20
2020-09-17,18
2020-09-18,13
2020-09-19,9
2020-09-20,7
2020-09-21,17
2020-09-22,25
2020-09-23,22
2020-09-24,20
2020-09-25,33
2020-09-26,8
2020-09-27,7
2020-09-28,10
2020-09-29,19
2020-09-30,26
2020-10-01,78
2020-10-02,24
2020-10-03,6
2020-10-04,24
2020-10-05,5
2020-10-06,6
2020-10-07,7
2020-10-08,20
2020-10-09,5
2020-10-10,29
2020-10-11,10
2020-10-12,10
2020-10-13,15
2020-10-14,14
2020-10-15,18
2020-10-16,4
2020-10-17,10
2020-10-18,17
2020-10-19,8
2020-10-21,12
2020-10-22,9
2020-10-23,10
2020-10-24,6
2020-10-25,9
2020-10-26,14
2020-10-27,12
2020-10-28,13
2020-10-29,5
2020-10-30,2
2020-10-31,2
2020-11-01,3
2020-11-02,4
2020-11-03,4
2020-11-04,48
2020-11-05,6
2020-11-06,3
2020-11-07,1
2020-11-08,0
2020-11-09,13
2020-11-10,3
2020-11-11,11
2020-11-12,4
2020-11-13,0
2020-11-14,0
2020-11-15,1
2020-11-16,5
2020-11-17,3
2020-11-18,26
2020-11-19,13
2020-11-20,13
2020-11-21,8
2020-11-22,5
2020-11-23,21
2020-11-24,15
2020-11-25,13
2020-11-26,26
2020-11-27,13
2020-11-28,5
2020-11-29,4
2020-11-30,11
2020-12-01,21
2020-12-02,15
2020-12-03,14
2020-12-04,10
2020-12-05,12
2020-12-06,7
2020-12-07,18
2020-12-08,60
2020-12-09,25
2020-12-10,24
2020-12-11,9
2020-12-12,6
2020-12-13,8
2020-12-14,12
2020-12-15,18
2020-12-16,14
2020-12-17,10
2020-12-18,12
2020-12-19,6
2020-12-20,3
2020-12-21,6
2020-12-22,31
2020-12-23,16
2020-12-24,23
2020-12-25,5
2020-12-26,0
2020-12-27,7
2020-12-28,22
2020-12-29,17
2020-12-30,19
2020-12-31,15
2021-01-01,7
2021-01-02,2
2021-01-03,16
2021-01-04,12
2021-01-05,10
2021-01-06,23
2021-01-07,9
2021-01-08,7
2021-01-09,5
2021-01-10,13
2021-01-11,19
2021-01-12,10
2021-01-13,16
2021-01-14,40
2021-01-15,56
2021-01-16,8
2021-01-17,11
2021-01-18,51
2021-01-19,11
2021-01-20,23
2021-01-21,19
2021-01-22,15
2021-01-23,10
2021-01-24,9
2021-01-25,14
2021-01-26,18
2021-01-27,16
2021-01-28,17
2021-01-29,30
2021-01-30,19
2021-01-31,12
2021-02-01,16
2021-02-02,61
2021-02-03,43
2021-02-04,13
2021-02-05,10
2021-02-06,8
2021-02-07,20
2021-02-08,7
2021-02-09,18
2021-02-10,11
2021-02-11,25
2021-02-12,25
2021-02-13,11
2021-02-14,6
2021-02-15,23
2021-02-16,18
2021-02-17,24
2021-02-18,14
2021-02-19,20
2021-02-20,11
2021-02-21,6
2021-02-22,19
2021-02-23,24
2021-02-24,19
2021-02-25,14
2021-02-26,14
2021-02-27,14
2021-02-28,12
2021-03-01,22
2021-03-02,50
2021-03-03,15
2021-03-04,76
2021-03-05,32
2021-03-06,17
2021-03-07,10
2021-03-08,31
2021-03-09,16
2021-03-10,19
2021-03-11,53
2021-03-12,13
2021-03-13,7
2021-03-14,7
2021-03-15,29
2021-03-16,14
2021-03-17,26
2021-03-18,11
2021-03-19,20
2021-03-20,4
2021-03-21,6
2021-03-22,37
2021-03-23,36
2021-03-24,38
2021-03-25,43
2021-03-26,18
2021-03-27,14
2021-03-28,42
2021-03-29,24
2021-03-30,26
2021-03-31,14
2021-04-01,13
2021-04-02,15
2021-04-03,11
2021-04-04,11
2021-04-05,11
2021-04-06,80
2021-04-07,119
2021-04-08,17
2021-04-09,25
2021-04-10,3
2021-04-11,66
2021-04-12,21
2021-04-13,21
2021-04-14,19
2021-04-15,17
2021-04-16,13
2021-04-17,9
2021-04-18,11
2021-04-19,11
2021-04-20,11
2021-04-21,20
2021-04-22,19
2021-04-23,15
2021-04-24,6
2021-04-25,7
2021-04-26,12
2021-04-27,8
2021-04-28,7
2021-04-29,21
2021-04-30,12
2021-05-01,12
2021-05-02,6
2021-05-03,80
2021-05-04,37
2021-05-05,25
2021-05-06,15
2021-05-07,17
2021-05-08,12
2021-05-09,6
2021-05-10,9
2021-05-11,12
2021-05-12,14
2021-05-13,19
2021-05-14,16
2021-05-15,4
2021-05-16,10
2021-05-17,18
2021-05-18,28
2021-05-19,13
2021-05-20,27
2021-05-21,13
2021-05-22,9
2021-05-23,7
2021-05-24,15
2021-05-25,29
2021-05-26,19
2021-05-27,13
2021-05-28,22
2021-05-29,13
2021-05-30,4
2021-05-31,12
2021-06-01,11
2021-06-02,23
2021-06-03,18
2021-06-04,15
2021-06-05,11
2021-06-06,9
2021-06-07,27
2021-06-08,12
2021-06-09,15
2021-06-10,8
2021-06-11,15
2021-06-12,7
2021-06-13,10
2021-06-14,10
2021-06-15,12
2021-06-16,15
2021-06-17,53
2021-06-18,16
2021-06-19,36
2021-06-20,12
2021-06-21,22
2021-06-22,22
2021-06-23,17
2021-06-24,15
2021-06-25,15
2021-06-26,29
2021-06-27,8
2021-06-28,20
2021-06-29,15
2021-06-30,21
2021-07-01,17
2021-07-02,24
2021-07-03,6
2021-07-04,7
2021-07-05,10
2021-07-06,20
2021-07-07,14
2021-07-08,25
2021-07-09,14
2021-07-10,4
2021-07-11,8
2021-07-12,18
2021-07-13,21
2021-07-14,21
2021-07-15,22
2021-07-16,23
2021-07-17,13
2021-07-18,8
2021-07-19,15
2021-07-20,25
2021-07-21,10
2021-07-22,18
2021-07-23,10
2021-07-24,99
2021-07-25,10
2021-07-26,11
2021-07-27,28
2021-07-28,21
2021-07-29,9
2021-07-30,16
2021-07-31,9
2021-08-01,4
2021-08-02,25
2021-08-03,7
2021-08-04,29
2021-08-05,4
2021-08-06,7
2021-08-07,10
2021-08-08,5
2021-08-09,12
2021-08-10,19
2021-08-11,26
2021-08-12,10
2021-08-13,16
2021-08-14,4
2021-08-15,11
2021-08-16,9
2021-08-17,9
2021-08-18,18
2021-08-19,13
2021-08-20,15
2021-08-21,9
2021-08-22,10
2021-08-23,22
2021-08-24,18
2021-08-25,25
2021-08-26,19
2021-08-27,55
2021-08-28,20
2021-08-29,8
2021-08-30,25
2021-08-31,24
2021-09-01,14
2021-09-02,62
2021-09-03,5
2021-09-04,8
2021-09-05,11
2021-09-06,16
2021-09-07,18
2021-09-08,14
2021-09-09,27
2021-09-10,35
2021-09-11,13
2021-09-12,13
2021-09-13,27
2021-09-14,18
2021-09-15,17
2021-09-16,19
2021-09-17,19
2021-09-18,15
2021-09-19,12
2021-09-20,23
2021-09-21,21
2021-09-22,17
2021-09-23,12
2021-09-24,21
2021-09-25,9
2021-09-26,16
2021-09-27,21
2021-09-28,10
2021-09-29,21
2021-09-30,15
2021-10-01,19
2021-10-02,13
2021-10-03,20
2021-10-04,18
2021-10-05,42
2021-10-06,114
2021-10-07,14
2021-10-08,25
2021-10-09,17
2021-10-10,14
2021-10-11,15
2021-10-12,22
2021-10-13,10
2021-10-14,14
2021-10-15,15
2021-10-16,6
2021-10-17,15
2021-10-18,22
2021-10-19,193
2021-10-20,85
2021-10-21,34
2021-10-22,28
2021-10-23,14
2021-10-24,10
2021-10-25,76
2021-10-26,22
2021-10-27,15
2021-10-28,11
2021-10-29,9
2021-10-30,8
2021-10-31,6
2021-11-01,18
2021-11-02,35
2021-11-03,27
2021-11-04,80
2021-11-05,12
2021-11-06,10
2021-11-07,13
2021-11-08,21
2021-11-09,14
2021-11-10,25
2021-11-11,22
2021-11-12,18
2021-11-13,8
2021-11-14,11
2021-11-15,9
2021-11-16,9
2021-11-17,14
2021-11-18,29
2021-11-19,12
2021-11-20,13
2021-11-21,4
2021-11-22,17
2021-11-23,14
2021-11-24,31
2021-11-25,7
2021-11-26,11
2021-11-27,9
2021-11-28,5
2021-11-29,9
2021-11-30,10
2021-12-01,17
2021-12-02,22
2021-12-03,18
2021-12-04,8
2021-12-05,8
2021-12-06,12
2021-12-07,20
2021-12-08,34
2021-12-09,21
2021-12-10,31
2021-12-11,20
2021-12-12,8
2021-12-13,34
2021-12-14,21
2021-12-15,46
2021-12-16,19
2021-12-17,19
2021-12-18,10
2021-12-19,5
2021-12-20,5
2021-12-21,20
2021-12-22,19
2021-12-23,14
2021-12-24,15
2021-12-25,1
2021-12-26,7
2021-12-27,4
2021-12-28,11
2021-12-29,11
2021-12-30,12
2021-12-31,9
2022-01-01,36
2022-01-02,4
2022-01-03,7
2022-01-04,12
2022-01-05,10
2022-01-06,12
2022-01-07,11
2022-01-08,6
2022-01-09,5
2022-01-10,11
2022-01-11,47
2022-01-12,19
2022-01-13,24
2022-01-14,9
2022-01-15,11
2022-01-16,6
2022-01-17,10
2022-01-18,15
2022-01-19,12
2022-01-20,17
2022-01-21,44
2022-01-22,10
2022-01-23,11
2022-01-24,13
2022-01-25,23
2022-01-26,18
2022-01-27,23
2022-01-28,20
2022-01-29,12
2022-01-30,22
2022-01-31,11
2022-02-01,16
2022-02-02,41
2022-02-03,13
2022-02-04,26
2022-02-05,15
2022-02-06,9
2022-02-07,24
2022-02-08,31
2022-02-09,31
2022-02-10,15
2022-02-11,7
2022-02-12,7
2022-02-13,11
2022-02-14,6
2022-02-15,20
2022-02-16,24
2022-02-17,29
2022-02-18,17
2022-02-19,16
2022-02-20,12
2022-02-21,20
2022-02-22,20
2022-02-23,17
2022-02-24,15
2022-02-25,22
2022-02-26,10
2022-02-27,14
2022-02-28,64
2022-03-01,22
2022-03-02,28
2022-03-03,27
2022-03-04,17
2022-03-05,10
2022-03-06,15
2022-03-07,16
2022-03-08,27
2022-03-09,28
2022-03-10,20
2022-03-11,20
2022-03-12,12
2022-03-13,10
2022-03-14,14
2022-03-15,25
2022-03-16,17
2022-03-17,18
2022-03-18,9
2022-03-19,19
2022-03-20,12
2022-03-21,38
2022-03-22,27
2022-03-23,22
2022-03-24,25
2022-03-25,38
2022-03-26,23
2022-03-27,10
2022-03-28,26
2022-03-29,31
2022-03-30,37
2022-03-31,39
2022-04-01,24
2022-04-02,14
2022-04-03,14
2022-04-04,254
2022-04-05,40
2022-04-06,23
2022-04-07,14
2022-04-08,17
2022-04-09,9
2022-04-10,7
2022-04-11,15
2022-04-12,20
2022-04-13,71
2022-04-14,26
2022-04-15,22
2022-04-16,8
2022-04-17,79
2022-04-18,33
2022-04-19,13
2022-04-20,23
2022-04-21,29
2022-04-22,19
2022-04-23,9
2022-04-24,13
2022-04-25,29
2022-04-26,86
2022-04-27,18
2022-04-28,38
2022-04-29,56
2022-04-30,10
2022-05-01,4
2022-05-02,20
2022-05-03,12
2022-05-04,10
2022-05-05,29
2022-05-06,23
2022-05-07,12
2022-05-08,22
2022-05-09,15
2022-05-10,21
2022-05-11,15
2022-05-12,16
2022-05-13,30
2022-05-14,88
2022-05-15,20
2022-05-16,17
2022-05-17,24
2022-05-18,14
2022-05-19,22
2022-05-20,14
2022-05-21,7
2022-05-22,15
2022-05-23,21
2022-05-24,26
2022-05-25,35
2022-05-26,49
2022-05-27,26
2022-05-28,11
2022-05-29,15
2022-05-30,19
2022-05-31,14
2022-06-01,17
2022-06-02,39
2022-06-03,29
2022-06-04,14
2022-06-05,32
2022-06-06,27
2022-06-07,19
2022-06-08,21
2022-06-09,50
2022-06-10,41
2022-06-11,12
2022-06-12,14
2022-06-13,15
2022-06-14,19
2022-06-15,32
2022-06-16,31
2022-06-17,19
2022-06-18,7
2022-06-19,6
2022-06-20,10
2022-06-21,17
2022-06-22,15
2022-06-23,14
2022-06-24,12
2022-06-25,5
2022-06-26,3
2022-06-27,22
2022-06-28,41
2022-06-29,14
2022-06-30,18
2022-07-01,91
2022-07-02,6
2022-07-03,7
2022-07-04,11
2022-07-05,18
2022-07-06,19
2022-07-07,14
2022-07-08,9
2022-07-09,5
2022-07-10,13
2022-07-11,17
2022-07-12,27
2022-07-13,50
2022-07-14,12
2022-07-15,43
2022-07-16,9
2022-07-17,8
2022-07-18,14
2022-07-19,14
2022-07-20,12
2022-07-21,14
2022-07-22,51
2022-07-23,12
2022-07-24,5
2022-07-25,14
2022-07-26,27
2022-07-27,12
2022-07-28,15
2022-07-29,11
2022-07-30,12
2022-07-31,27
2022-08-01,19
2022-08-02,35
2022-08-03,22
2022-08-04,16
2022-08-05,23
2022-08-06,13
2022-08-07,13
2022-08-08,20
2022-08-09,24
2022-08-10,13
2022-08-11,19
2022-08-12,9
2022-08-13,4
2022-08-14,3
2022-08-15,18
2022-08-16,18
2022-08-17,16
2022-08-18,23
2022-08-19,14
2022-08-20,10
2022-08-21,3
2022-08-22,105
2022-08-23,16
2022-08-24,17
2022-08-25,23
2022-08-26,24
2022-08-27,6
2022-08-28,6
2022-08-29,7
2022-08-30,33
2022-08-31,41
2022-09-01,11
2022-09-02,101
2022-09-03,9
2022-09-04,17
2022-09-05,7
2022-09-06,18
2022-09-07,24
2022-09-08,20
2022-09-09,24
2022-09-10,10
2022-09-11,8
2022-09-12,15
2022-09-13,15
2022-09-14,24
2022-09-15,25
2022-09-16,10
2022-09-17,90
2022-09-18,19
2022-09-19,11
2022-09-20,21
2022-09-21,18
2022-09-22,22
2022-09-23,10
2022-09-24,13
2022-09-25,9
2022-09-26,31
2022-09-27,8
2022-09-28,12
2022-09-29,13
2022-09-30,42
2022-10-01,15
2022-10-02,4
2022-10-03,13
2022-10-04,24
2022-10-05,15
2022-10-06,19
2022-10-07,13
2022-10-08,11
2022-10-09,6
2022-10-10,43
2022-10-11,42
2022-10-12,33
2022-10-13,23
2022-10-14,24
2022-10-15,10
2022-10-16,5
2022-10-17,24
2022-10-18,55
2022-10-19,27
2022-10-20,19
2022-10-21,16
2022-10-22,7
2022-10-23,10
2022-10-24,14
2022-10-25,16
2022-10-26,16
2022-10-27,20
2022-10-28,11
2022-10-29,13
2022-10-30,9
2022-10-31,14
2022-11-01,34
2022-11-02,15
2022-11-03,17
2022-11-04,54
2022-11-05,6
2022-11-06,9
2022-11-07,29
2022-11-08,17
2022-11-09,26
2022-11-10,8
2022-11-11,2
2022-11-12,15
2022-11-13,6
2022-11-14,33
2022-11-15,12
2022-11-16,43
2022-11-17,17
2022-11-18,12
2022-11-19,14
2022-11-20,4
2022-11-21,11
2022-11-22,8
2022-11-23,16
2022-11-24,8
2022-11-25,4
2022-11-26,6
2022-11-27,5
2022-11-28,17
2022-11-29,20
2022-11-30,18
2022-12-01,42
2022-12-02,70
2022-12-03,14
2022-12-04,15
2022-12-05,26
2022-12-06,15
2022-12-07,22
2022-12-08,20
2022-12-09,24
2022-12-10,9
2022-12-11,5
2022-12-12,11
2022-12-13,16
2022-12-14,15
2022-12-15,20
2022-12-16,14
2022-12-17,11
2022-12-18,8
2022-12-19,10
2022-12-20,45
2022-12-21,10
2022-12-22,14
2022-12-23,11
2022-12-24,6
2022-12-25,2
2022-12-26,2
2022-12-27,13
2022-12-28,38
2022-12-29,10
2022-12-30,7
2022-12-31,6
2023-01-01,6
2023-01-02,4
2023-01-03,89
2023-01-04,16
2023-01-05,8
2023-01-06,6
2023-01-07,6
2023-01-08,4
2023-01-09,10
2023-01-10,16
2023-01-11,9
2023-01-12,11
2023-01-13,16
2023-01-14,6
2023-01-15,6
2023-01-16,17
2023-01-17,16
2023-01-18,23
2023-01-19,41
2023-01-20,24
2023-01-21,5
2023-01-22,7
2023-01-23,18
2023-01-24,15
2023-01-25,68
2023-01-26,23
2023-01-27,16
2023-01-28,10
2023-01-29,6
2023-01-30,19
2023-01-31,14
2023-02-01,18
2023-02-02,18
2023-02-03,13
2023-02-04,15
2023-02-05,7
2023-02-06,12
2023-02-07,11
2023-02-08,25
2023-02-09,11
2023-02-10,11
2023-02-11,5
2023-02-12,10
2023-02-13,52
2023-02-14,90
2023-02-15,37
2023-02-16,55
2023-02-17,47
2023-02-18,31
2023-02-19,5
2023-02-20,27
2023-02-21,59
2023-02-22,21
2023-02-23,32
2023-02-24,15
2023-02-25,14
2023-02-26,56
2023-02-27,61
2023-02-28,47
2023-03-01,52
2023-03-02,18
2023-03-03,24
2023-03-04,11
2023-03-05,20
2023-03-06,14
2023-03-07,38
2023-03-08,21
2023-03-09,72
2023-03-10,55
2023-03-11,13
2023-03-12,16
2023-03-13,80
2023-03-14,32
2023-03-15,7
2023-03-16,56
2023-03-17,18
2023-03-18,94
2023-03-19,15
2023-03-20,15
2023-03-21,27
2023-03-22,14
2023-03-24,10
2023-03-25,17
2023-03-26,27
2023-03-27,15
2023-03-28,20
2023-03-29,38
2023-03-30,17
2023-03-31,25
2023-04-01,5
2023-04-02,4
2023-04-03,7
2023-04-04,23
2023-04-05,16
2023-04-06,16
2023-04-07,8
2023-04-08,5
2023-04-09,8
2023-04-10,12
2023-04-11,15
2023-04-12,28
2023-04-13,16
2023-04-14,3
2023-04-15,49
2023-04-16,5
2023-04-17,110
2023-04-18,41
2023-04-19,9
2023-04-20,17
2023-04-21,8
2023-04-22,91
2023-04-23,21
2023-04-24,22
2023-04-25,11
2023-04-26,43
2023-04-27,43
2023-04-28,5
2023-04-29,10
2023-04-30,15
2023-05-01,28
2023-05-02,15
2023-05-03,40
2023-05-04,16
2023-05-05,10
2023-05-06,4
2023-05-07,9
2023-05-08,7
2023-05-09,9
2023-05-10,8
2023-05-11,15
2023-05-12,16
2023-05-13,7
2023-05-14,5
2023-05-15,21
2023-05-16,7
2023-05-17,85
2023-05-18,29
2023-05-19,29
2023-05-20,23
2023-05-21,4
2023-05-22,13
2023-05-23,51
2023-05-24,39
2023-05-25,12
2023-05-26,13
2023-05-27,7
2023-05-28,3
2023-05-29,12
2023-05-30,100
2023-05-31,14
2023-06-01,29
2023-06-02,12
2023-06-03,4
2023-06-04,6
2023-06-05,19
2023-06-06,25
2023-06-07,12
2023-06-08,17
2023-06-09,6
2023-06-10,8
2023-06-11,8
2023-06-12,9
2023-06-13,10
2023-06-14,13
2023-06-15,133
2023-06-16,24
2023-06-17,9
2023-06-18,5
2023-06-19,23
2023-06-20,16
2023-06-21,34
2023-06-22,13
2023-06-23,9
2023-06-24,9
2023-06-25,3
2023-06-26,10
2023-06-27,6
2023-06-28,16
2023-06-29,14
2023-06-30,4
2023-07-01,8
2023-07-02,6
2023-07-03,8
2023-07-04,9
2023-07-05,8
2023-07-06,11
2023-07-07,12
2023-07-08,6
2023-07-09,3
2023-07-10,14
2023-07-11,10
2023-07-12,14
2023-07-13,13
2023-07-14,15
2023-07-15,11
2023-07-16,1
2023-07-17,15
2023-07-18,9
2023-07-19,18
2023-07-20,42
2023-07-21,7
2023-07-22,2
2023-07-23,6
2023-07-24,10
2023-07-25,2
2023-07-26,8
2023-07-27,9
2023-07-28,13
2023-07-29,1
2023-07-30,17
2023-07-31,9
2023-08-01,23
2023-08-02,12
2023-08-03,9
2023-08-04,8
2023-08-05,20
2023-08-06,5
2023-08-07,6
2023-08-08,3
2023-08-09,10
2023-08-10,6
2023-08-11,6
2023-08-12,5
2023-08-13,4
2023-08-14,6
2023-08-15,11
2023-08-16,10
2023-08-17,16
2023-08-18,3
2023-08-19,9
2023-08-20,1
2023-08-21,4
2023-08-22,11
2023-08-23,13
2023-08-24,9
2023-08-25,23
2023-08-26,6
2023-08-27,6
2023-08-28,7
2023-08-29,17
2023-08-30,10
2023-08-31,11
2023-09-01,6
2023-09-02,6
2023-09-03,6
2023-09-04,7
2023-09-05,8
2023-09-06,7
2023-09-07,12
2023-09-08,14
2023-09-09,10
2023-09-10,14
2023-09-11,20
2023-09-12,4
2023-09-13,12
2023-09-14,17
2023-09-15,9
2023-09-16,9
2023-09-17,11
2023-09-18,7
2023-09-19,10
2023-09-20,9
2023-09-21,6
2023-09-22,4
2023-09-23,6
2023-09-24,5
2023-09-25,12
2023-09-26,4
2023-09-27,8
2023-09-28,9
2023-09-29,7
2023-09-30,11
2023-10-01,2
2023-10-02,5
2023-10-03,6
2023-10-04,7
2023-10-05,13
2023-10-06,7
2023-10-07,3
2023-10-08,3
2023-10-09,7
2023-10-10,20
2023-10-11,11
2023-10-12,11
2023-10-13,3
2023-10-14,5
2023-10-15,2
2023-10-16,9
2023-10-17,17
2023-10-18,21
2023-10-19,11
2023-10-20,8
2023-10-21,14
2023-10-22,1
2023-10-23,10
2023-10-24,4
2023-10-25,14
2023-10-26,5
2023-10-27,13
2023-10-28,6
2023-10-29,5
2023-10-30,5
2023-10-31,6
2023-11-01,6
2023-11-02,6
2023-11-03,3
2023-11-04,1
2023-11-05,5
2023-11-06,9
2023-11-07,10
2023-11-08,9
2023-11-09,29
2023-11-10,9
2023-11-11,5
2023-11-12,2
2023-11-13,14
2023-11-14,34
2023-11-15,2
2023-11-16,6
2023-11-17,10
2023-11-18,9
2023-11-19,10
2023-11-20,10
2023-11-21,6
2023-11-22,4
2023-11-23,6
2023-11-24,5
2023-11-25,4
2023-11-26,6
2023-11-27,13
2023-11-28,15
2023-11-29,4
2023-11-30,9
2023-12-01,7
2023-12-02,7
2023-12-03,4
2023-12-04,9
2023-12-05,2
2023-12-06,9
2023-12-07,12
2023-12-08,4
2023-12-09,2
2023-12-10,4
2023-12-11,10
2023-12-12,13
2023-12-13,20
2023-12-14,11
2023-12-15,12
2023-12-16,5
2023-12-17,5
2023-12-18,6
2023-12-19,25
2023-12-20,8
2023-12-21,5
2023-12-22,5
2023-12-23,4
2023-12-24,7
2023-12-25,1
2023-12-26,15
2023-12-27,12
2023-12-28,14
2023-12-29,15
2023-12-30,4
2023-12-31,4
2024-01-01,3
2024-01-02,4
2024-01-03,0
2024-01-04,32
2024-01-05,3
2024-01-06,5
2024-01-07,6
2024-01-08,4
2024-01-09,10
2024-01-10,10
2024-01-11,6
2024-01-12,20
2024-01-13,11
2024-01-14,6
2024-01-15,9
2024-01-16,8
2024-01-17,8
2024-01-18,5
2024-01-19,8
2024-01-20,7
2024-01-21,2
2024-01-22,4
2024-01-23,13
2024-01-24,8
2024-01-25,6
2024-01-26,5
2024-01-27,4
2024-01-28,1
2024-01-29,5
2024-01-30,8
2024-01-31,13
2024-02-01,11
2024-02-02,15
2024-02-03,5
2024-02-04,5
2024-02-05,6
2024-02-06,12
2024-02-07,10
2024-02-08,21
2024-02-09,18
2024-02-10,7
2024-02-11,8
2024-02-12,4
2024-02-13,7
2024-02-14,7
2024-02-15,8
2024-02-16,13
2024-02-17,5
2024-02-18,4
2024-02-19,6
2024-02-20,7
2024-02-21,9
2024-02-22,15
2024-02-23,4
2024-02-24,3
2024-02-25,3
2024-02-26,21
2024-02-27,5
2024-02-28,16
2024-02-29,89
2024-03-01,10
2024-03-02,5
2024-03-03,13
2024-03-04,9
2024-03-05,13
2024-03-06,16
2024-03-07,21
2024-03-08,10
2024-03-09,4
2024-03-10,5
2024-03-11,12
2024-03-12,10
2024-03-13,9
2024-03-14,8
2024-03-15,19
2024-03-16,5
2024-03-17,5
2024-03-18,8
2024-03-19,37
2024-03-20,50
2024-03-21,9
2024-03-22,15
2024-03-23,9
2024-03-24,7
2024-03-25,20
2024-03-26,10
2024-03-27,11
2024-03-28,5
2024-03-29,15
2024-03-30,5
2024-03-31,5
2024-04-01,10
2024-04-02,10
2024-04-03,30
2024-04-04,21
2024-04-05,4
2024-04-06,7
2024-04-07,5
2024-04-08,11
2024-04-09,14
2024-04-10,35
2024-04-11,17
2024-04-12,11
2024-04-13,8
2024-04-14,12
2024-04-15,32
2024-04-16,58
2024-04-17,10
2024-04-18,9
2024-04-19,17
2024-04-20,3
2024-04-21,5
2024-04-22,7
2024-04-23,4
2024-04-24,9
2024-04-25,21
2024-04-26,8
2024-04-27,6
2024-04-28,3
2024-04-29,9
2024-04-30,26
2024-05-01,11
2024-05-02,16
2024-05-03,9
2024-05-04,12
2024-05-05,1
2024-05-06,5
2024-05-07,9
2024-05-08,5
2024-05-09,5
2024-05-10,6
2024-05-11,4
2024-05-12,2
2024-05-13,9
2024-05-14,20
2024-05-15,8
2024-05-16,3
2024-05-17,7
2024-05-18,7
2024-05-19,9
2024-05-20,11
2024-05-21,5
2024-05-22,18
2024-05-23,50
2024-05-24,8
2024-05-25,7
2024-05-26,7
2024-05-27,57
2024-05-28,16
2024-05-29,16
2024-05-30,9
2024-05-31,11
2024-06-01,1
2024-06-02,4
2024-06-03,7
2024-06-04,7
2024-06-05,8
2024-06-06,12
2024-06-07,10
2024-06-08,11
2024-06-09,8
2024-06-10,10
2024-06-11,7
2024-06-12,6
2024-06-13,7
2024-06-14,4
2024-06-15,7
2024-06-16,3
2024-06-17,31
2024-06-18,40
2024-06-19,7
2024-06-20,15
2024-06-21,9
2024-06-22,7
2024-06-23,8
2024-06-24,19
2024-06-25,17
2024-06-26,10
2024-06-27,9
2024-06-28,2
2024-06-29,5
2024-06-30,3
2024-07-01,4
2024-07-02,11
2024-07-03,14
2024-07-04,5
2024-07-05,3
2024-07-06,2
2024-07-07,10
2024-07-08,6
2024-07-09,5
2024-07-10,16
2024-07-11,10
2024-07-12,15
2024-07-13,3
2024-07-14,3
2024-07-15,7
2024-07-16,16
2024-07-17,15
2024-07-18,9
2024-07-19,2
2024-07-20,6
2024-07-21,9
2024-07-22,4
2024-07-23,2
2024-07-24,12
2024-07-25,6
2024-07-26,6
2024-07-27,4
2024-07-28,5
2024-07-29,44
2024-07-30,106
2024-07-31,9
2024-08-01,8
2024-08-02,9
2024-08-03,5
2024-08-04,5
2024-08-05,2
2024-08-06,8
2024-08-07,15
2024-08-08,11
2024-08-09,8
2024-08-10,4
2024-08-11,5
2024-08-12,8
2024-08-13,9
2024-08-14,10
2024-08-15,11
2024-08-16,9
2024-08-17,5
2024-08-18,8
2024-08-19,4
2024-08-20,3
2024-08-21,8
2024-08-22,14
2024-08-23,2
2024-08-24,2
2024-08-25,6
2024-08-26,12
2024-08-27,12
2024-08-28,9
2024-08-29,6
2024-08-30,10
2024-08-31,10
2024-09-01,2
2024-09-02,8
2024-09-03,33
2024-09-04,5
2024-09-05,20
2024-09-06,10
2024-09-07,12
2024-09-08,7
2024-09-09,12
2024-09-10,29
2024-09-11,22
2024-09-12,8
2024-09-13,11
2024-09-14,9
2024-09-15,4
2024-09-16,5
2024-09-17,6
2024-09-18,8
2024-09-19,9
2024-09-20,45
2024-09-21,8
2024-09-22,11
2024-09-23,10
2024-09-24,14
2024-09-25,21
2024-09-26,5
2024-09-27,15
2024-09-28,6
2024-09-29,6
2024-09-30,6
2024-10-01,7
2024-10-02,10
2024-10-03,17
2024-10-04,6
2024-10-05,3
2024-10-06,1
2024-10-07,6
2024-10-08,5
2024-10-09,22
2024-10-10,26
2024-10-11,7
2024-10-12,11
2024-10-13,16
2024-10-14,11
2024-10-15,13
2024-10-16,11
2024-10-17,9
2024-10-18,5
2024-10-19,1
2024-10-20,3
2024-10-21,10
2024-10-22,6
2024-10-23,4
2024-10-24,9
2024-10-25,5
2024-10-26,5
2024-10-27,2
2024-10-28,8
2024-10-29,9
2024-10-30,2
2024-10-31,7
2024-11-01,3
2024-11-02,7
2024-11-03,4
2024-11-04,6
2024-11-05,6
2024-11-06,2
2024-11-07,11
2024-11-08,13
2024-11-09,16
2024-11-10,5
2024-11-11,13
2024-11-12,4
2024-11-13,49
2024-11-14,6
2024-11-15,4
2024-11-16,3
2024-11-17,3
2024-11-18,3
2024-11-19,6
2024-11-20,17
2024-11-21,8
2024-11-22,3
2024-11-23,4
2024-11-24,5
2024-11-25,7
2024-11-26,4
2024-11-27,14
2024-11-28,11
2024-11-29,9
2024-11-30,3
2024-12-01,5
2024-12-02,8
2024-12-03,50
2024-12-04,12
2024-12-05,19
2024-12-06,4
2024-12-07,5
2024-12-08,1
2024-12-09,5
2024-12-10,6
2024-12-11,8
2024-12-12,6
2024-12-13,5
2024-12-14,2
2024-12-15,2
2024-12-16,8
2024-12-17,9
2024-12-18,10
2024-12-19,8
2024-12-20,5
2024-12-21,5
2024-12-22,5
2024-12-23,11
2024-12-24,4
2024-12-25,0
2024-12-26,3
2024-12-27,2
2024-12-28,4
2024-12-29,1
2024-12-30,5
2024-12-31,4
