zwin,transform,rule,k,w,topic,n_events,det_all,det_gdelt,n_gdelt,det_wiki,n_wiki,false_alarm_days,years,median_lead,median_lead_gdelt,pct_positive_lead,flag_precision
30,raw,flag,1.5,2,loot_box,16,8,0,8,8,8,121,5.0,0.0,,0.375,0.0
30,raw,flag,1.5,2,screen_time,16,10,2,8,8,8,149,5.0,0.0,1.5,0.3,0.0
30,raw,flag,1.5,2,video_game_addiction,16,9,2,8,7,8,134,5.0,0.0,0.5,0.333,0.0
30,raw,flag,1.5,2,video_game_violence,16,10,3,8,7,8,142,5.0,0.0,0.0,0.3,0.0
30,raw,flag,1.5,2,esports,16,11,3,8,8,8,139,5.0,0.0,-1.0,0.273,0.0
30,raw,flag,1.5,3,loot_box,16,9,1,8,8,8,119,5.0,0.0,-3.0,0.333,0.0
30,raw,flag,1.5,3,screen_time,16,11,3,8,8,8,145,5.0,0.0,2.0,0.273,0.0
30,raw,flag,1.5,3,video_game_addiction,16,10,3,8,7,8,130,5.0,0.0,1.0,0.4,0.0
30,raw,flag,1.5,3,video_game_violence,16,11,4,8,7,8,140,5.0,0.0,1.5,0.364,0.0
30,raw,flag,1.5,3,esports,16,11,3,8,8,8,139,5.0,0.0,-1.0,0.273,0.0
30,raw,flag,1.5,5,loot_box,16,10,2,8,8,8,114,5.0,0.0,0.0,0.4,0.0
30,raw,flag,1.5,5,screen_time,16,12,4,8,8,8,137,5.0,0.0,3.0,0.333,0.0
30,raw,flag,1.5,5,video_game_addiction,16,12,5,8,7,8,126,5.0,2.0,4.0,0.583,0.0
30,raw,flag,1.5,5,video_game_violence,16,12,5,8,7,8,134,5.0,3.0,3.0,0.667,0.0
30,raw,flag,1.5,5,esports,16,11,3,8,8,8,137,5.0,0.0,1.0,0.455,0.0
30,raw,flag,2.0,2,loot_box,16,8,0,8,8,8,70,5.0,0.0,,0.375,0.0
30,raw,flag,2.0,2,screen_time,16,10,2,8,8,8,69,5.0,0.0,1.0,0.3,0.0
30,raw,flag,2.0,2,video_game_addiction,16,8,1,8,7,8,71,5.0,0.0,0.0,0.125,0.0
30,raw,flag,2.0,2,video_game_violence,16,7,1,8,6,8,70,5.0,0.0,1.0,0.429,0.0
30,raw,flag,2.0,2,esports,16,8,0,8,8,8,77,5.0,0.0,,0.25,0.0
30,raw,flag,2.0,3,loot_box,16,9,1,8,8,8,69,5.0,0.0,-3.0,0.333,0.0
30,raw,flag,2.0,3,screen_time,16,10,2,8,8,8,68,5.0,0.0,2.0,0.3,0.0
30,raw,flag,2.0,3,video_game_addiction,16,8,1,8,7,8,69,5.0,0.0,0.0,0.25,0.0
30,raw,flag,2.0,3,video_game_violence,16,7,1,8,6,8,70,5.0,0.0,1.0,0.429,0.0
30,raw,flag,2.0,3,esports,16,8,0,8,8,8,77,5.0,0.0,,0.25,0.0
30,raw,flag,2.0,5,loot_box,16,10,2,8,8,8,66,5.0,0.0,-3.5,0.3,0.0
30,raw,flag,2.0,5,screen_time,16,11,3,8,8,8,63,5.0,0.0,1.0,0.273,0.0
30,raw,flag,2.0,5,video_game_addiction,16,8,1,8,7,8,68,5.0,0.0,0.0,0.375,0.0
30,raw,flag,2.0,5,video_game_violence,16,8,2,8,6,8,65,5.0,2.5,3.0,0.75,0.0
30,raw,flag,2.0,5,esports,16,8,0,8,8,8,76,5.0,0.0,,0.375,0.0
30,raw,flag,2.5,2,loot_box,16,8,0,8,8,8,41,5.0,0.0,,0.375,0.0
30,raw,flag,2.5,2,screen_time,16,9,1,8,8,8,31,5.0,0.0,-1.0,0.111,0.0
30,raw,flag,2.5,2,video_game_addiction,16,8,1,8,7,8,37,5.0,0.0,0.0,0.0,0.0
30,raw,flag,2.5,2,video_game_violence,16,7,1,8,6,8,43,5.0,0.0,0.0,0.286,0.0
30,raw,flag,2.5,2,esports,16,7,0,8,7,8,42,5.0,0.0,,0.143,0.0
30,raw,flag,2.5,3,loot_box,16,9,1,8,8,8,40,5.0,0.0,-3.0,0.333,0.0
30,raw,flag,2.5,3,screen_time,16,9,1,8,8,8,31,5.0,0.0,-1.0,0.111,0.0
30,raw,flag,2.5,3,video_game_addiction,16,8,1,8,7,8,35,5.0,0.0,0.0,0.25,0.0
30,raw,flag,2.5,3,video_game_violence,16,7,1,8,6,8,43,5.0,0.0,0.0,0.286,0.0
30,raw,flag,2.5,3,esports,16,7,0,8,7,8,42,5.0,0.0,,0.143,0.0
30,raw,flag,2.5,5,loot_box,16,9,1,8,8,8,39,5.0,0.0,-3.0,0.333,0.0
30,raw,flag,2.5,5,screen_time,16,10,2,8,8,8,28,5.0,0.0,0.0,0.2,0.0
30,raw,flag,2.5,5,video_game_addiction,16,8,1,8,7,8,35,5.0,0.0,0.0,0.25,0.0
30,raw,flag,2.5,5,video_game_violence,16,8,2,8,6,8,39,5.0,0.5,2.5,0.5,0.0
30,raw,flag,2.5,5,esports,16,7,0,8,7,8,42,5.0,0.0,,0.143,0.0
30,raw,watch,1.5,2,loot_box,16,2,0,8,2,8,13,5.0,-1.0,,0.0,0.0
30,raw,watch,1.5,2,screen_time,16,2,1,8,1,8,8,5.0,-1.0,-1.0,0.0,0.0
30,raw,watch,1.5,2,video_game_addiction,16,1,0,8,1,8,11,5.0,-2.0,,0.0,0.0
30,raw,watch,1.5,2,video_game_violence,16,1,0,8,1,8,9,5.0,-2.0,,0.0,0.0
30,raw,watch,1.5,2,esports,16,0,0,8,0,8,23,5.0,,,,0.0
30,raw,watch,1.5,3,loot_box,16,2,0,8,2,8,13,5.0,-1.0,,0.0,0.0
30,raw,watch,1.5,3,screen_time,16,2,1,8,1,8,8,5.0,-1.0,-1.0,0.0,0.0
30,raw,watch,1.5,3,video_game_addiction,16,1,0,8,1,8,11,5.0,-2.0,,0.0,0.0
30,raw,watch,1.5,3,video_game_violence,16,1,0,8,1,8,9,5.0,-2.0,,0.0,0.0
30,raw,watch,1.5,3,esports,16,0,0,8,0,8,23,5.0,,,,0.0
30,raw,watch,1.5,5,loot_box,16,2,0,8,2,8,13,5.0,-1.0,,0.0,0.0
30,raw,watch,1.5,5,screen_time,16,2,1,8,1,8,8,5.0,-1.0,-1.0,0.0,0.0
30,raw,watch,1.5,5,video_game_addiction,16,1,0,8,1,8,11,5.0,-2.0,,0.0,0.0
30,raw,watch,1.5,5,video_game_violence,16,1,0,8,1,8,9,5.0,-2.0,,0.0,0.0
30,raw,watch,1.5,5,esports,16,0,0,8,0,8,23,5.0,,,,0.0
30,raw,watch,2.0,2,loot_box,16,1,0,8,1,8,3,5.0,-1.0,,0.0,0.0
30,raw,watch,2.0,2,screen_time,16,1,0,8,1,8,1,5.0,-1.0,,0.0,0.0
30,raw,watch,2.0,2,video_game_addiction,16,1,0,8,1,8,4,5.0,-2.0,,0.0,0.0
30,raw,watch,2.0,2,video_game_violence,16,1,0,8,1,8,2,5.0,-2.0,,0.0,0.0
30,raw,watch,2.0,2,esports,16,0,0,8,0,8,5,5.0,,,,0.0
30,raw,watch,2.0,3,loot_box,16,1,0,8,1,8,3,5.0,-1.0,,0.0,0.0
30,raw,watch,2.0,3,screen_time,16,1,0,8,1,8,1,5.0,-1.0,,0.0,0.0
30,raw,watch,2.0,3,video_game_addiction,16,1,0,8,1,8,4,5.0,-2.0,,0.0,0.0
30,raw,watch,2.0,3,video_game_violence,16,1,0,8,1,8,2,5.0,-2.0,,0.0,0.0
30,raw,watch,2.0,3,esports,16,0,0,8,0,8,5,5.0,,,,0.0
30,raw,watch,2.0,5,loot_box,16,1,0,8,1,8,3,5.0,-1.0,,0.0,0.0
30,raw,watch,2.0,5,screen_time,16,1,0,8,1,8,1,5.0,-1.0,,0.0,0.0
30,raw,watch,2.0,5,video_game_addiction,16,1,0,8,1,8,4,5.0,-2.0,,0.0,0.0
30,raw,watch,2.0,5,video_game_violence,16,1,0,8,1,8,2,5.0,-2.0,,0.0,0.0
30,raw,watch,2.0,5,esports,16,0,0,8,0,8,5,5.0,,,,0.0
30,raw,watch,2.5,2,loot_box,16,1,0,8,1,8,1,5.0,-1.0,,0.0,0.0
30,raw,watch,2.5,2,screen_time,16,1,0,8,1,8,0,5.0,-1.0,,0.0,1.0
30,raw,watch,2.5,2,video_game_addiction,16,1,0,8,1,8,1,5.0,-2.0,,0.0,0.0
30,raw,watch,2.5,2,video_game_violence,16,0,0,8,0,8,1,5.0,,,,0.0
30,raw,watch,2.5,2,esports,16,0,0,8,0,8,1,5.0,,,,0.0
30,raw,watch,2.5,3,loot_box,16,1,0,8,1,8,1,5.0,-1.0,,0.0,0.0
30,raw,watch,2.5,3,screen_time,16,1,0,8,1,8,0,5.0,-1.0,,0.0,1.0
30,raw,watch,2.5,3,video_game_addiction,16,1,0,8,1,8,1,5.0,-2.0,,0.0,0.0
30,raw,watch,2.5,3,video_game_violence,16,0,0,8,0,8,1,5.0,,,,0.0
30,raw,watch,2.5,3,esports,16,0,0,8,0,8,1,5.0,,,,0.0
30,raw,watch,2.5,5,loot_box,16,1,0,8,1,8,1,5.0,-1.0,,0.0,0.0
30,raw,watch,2.5,5,screen_time,16,1,0,8,1,8,0,5.0,-1.0,,0.0,1.0
30,raw,watch,2.5,5,video_game_addiction,16,1,0,8,1,8,1,5.0,-2.0,,0.0,0.0
30,raw,watch,2.5,5,video_game_violence,16,0,0,8,0,8,1,5.0,,,,0.0
30,raw,watch,2.5,5,esports,16,0,0,8,0,8,1,5.0,,,,0.0
30,log1p,flag,1.5,2,loot_box,16,8,0,8,8,8,114,5.0,0.0,,0.375,0.0
30,log1p,flag,1.5,2,screen_time,16,10,2,8,8,8,134,5.0,0.0,1.5,0.3,0.0
30,log1p,flag,1.5,2,video_game_addiction,16,9,2,8,7,8,119,5.0,0.0,0.5,0.333,0.0
30,log1p,flag,1.5,2,video_game_violence,16,8,2,8,6,8,121,5.0,0.0,0.0,0.375,0.0
30,log1p,flag,1.5,2,esports,16,9,1,8,8,8,125,5.0,0.0,-1.0,0.222,0.0
30,log1p,flag,1.5,3,loot_box,16,9,1,8,8,8,112,5.0,0.0,-3.0,0.333,0.0
30,log1p,flag,1.5,3,screen_time,16,11,3,8,8,8,130,5.0,0.0,2.0,0.273,0.0
30,log1p,flag,1.5,3,video_game_addiction,16,10,3,8,7,8,116,5.0,0.0,0.0,0.3,0.0
30,log1p,flag,1.5,3,video_game_violence,16,8,2,8,6,8,120,5.0,0.0,1.0,0.375,0.0
30,log1p,flag,1.5,3,esports,16,9,1,8,8,8,124,5.0,0.0,-1.0,0.222,0.0
30,log1p,flag,1.5,5,loot_box,16,10,2,8,8,8,107,5.0,0.0,0.0,0.4,0.0
30,log1p,flag,1.5,5,screen_time,16,12,4,8,8,8,122,5.0,0.0,3.0,0.333,0.0
30,log1p,flag,1.5,5,video_game_addiction,16,12,5,8,7,8,113,5.0,0.5,1.0,0.5,0.0
30,log1p,flag,1.5,5,video_game_violence,16,9,3,8,6,8,115,5.0,3.0,3.0,0.667,0.0
30,log1p,flag,1.5,5,esports,16,9,1,8,8,8,123,5.0,0.0,-1.0,0.333,0.0
30,log1p,flag,2.0,2,loot_box,16,8,0,8,8,8,58,5.0,0.0,,0.375,0.0
30,log1p,flag,2.0,2,screen_time,16,9,1,8,8,8,48,5.0,0.0,-1.0,0.111,0.0
30,log1p,flag,2.0,2,video_game_addiction,16,8,1,8,7,8,59,5.0,0.0,0.0,0.125,0.0
30,log1p,flag,2.0,2,video_game_violence,16,7,1,8,6,8,55,5.0,0.0,0.0,0.286,0.0
30,log1p,flag,2.0,2,esports,16,8,0,8,8,8,59,5.0,0.0,,0.125,0.0
30,log1p,flag,2.0,3,loot_box,16,9,1,8,8,8,57,5.0,0.0,-3.0,0.333,0.0
30,log1p,flag,2.0,3,screen_time,16,9,1,8,8,8,48,5.0,0.0,-1.0,0.111,0.0
30,log1p,flag,2.0,3,video_game_addiction,16,8,1,8,7,8,57,5.0,0.0,0.0,0.25,0.0
30,log1p,flag,2.0,3,video_game_violence,16,7,1,8,6,8,55,5.0,0.0,0.0,0.286,0.0
30,log1p,flag,2.0,3,esports,16,8,0,8,8,8,59,5.0,0.0,,0.125,0.0
30,log1p,flag,2.0,5,loot_box,16,10,2,8,8,8,54,5.0,0.0,-3.5,0.3,0.0
30,log1p,flag,2.0,5,screen_time,16,10,2,8,8,8,43,5.0,0.0,0.0,0.2,0.0
30,log1p,flag,2.0,5,video_game_addiction,16,8,1,8,7,8,57,5.0,0.0,0.0,0.25,0.0
30,log1p,flag,2.0,5,video_game_violence,16,8,2,8,6,8,51,5.0,0.5,2.5,0.5,0.0
30,log1p,flag,2.0,5,esports,16,8,0,8,8,8,58,5.0,0.0,,0.25,0.0
30,log1p,flag,2.5,2,loot_box,16,8,0,8,8,8,28,5.0,0.0,,0.375,0.0
30,log1p,flag,2.5,2,screen_time,16,7,1,8,6,8,20,5.0,0.0,-1.0,0.143,0.0
30,log1p,flag,2.5,2,video_game_addiction,16,7,0,8,7,8,29,5.0,0.0,,0.0,0.0
30,log1p,flag,2.5,2,video_game_violence,16,7,1,8,6,8,33,5.0,0.0,0.0,0.286,0.0
30,log1p,flag,2.5,2,esports,16,7,0,8,7,8,29,5.0,0.0,,0.143,0.0
30,log1p,flag,2.5,3,loot_box,16,9,1,8,8,8,27,5.0,0.0,-3.0,0.333,0.0
30,log1p,flag,2.5,3,screen_time,16,7,1,8,6,8,20,5.0,0.0,-1.0,0.143,0.0
30,log1p,flag,2.5,3,video_game_addiction,16,7,0,8,7,8,27,5.0,0.0,,0.286,0.0
30,log1p,flag,2.5,3,video_game_violence,16,7,1,8,6,8,33,5.0,0.0,0.0,0.286,0.0
30,log1p,flag,2.5,3,esports,16,7,0,8,7,8,29,5.0,0.0,,0.143,0.0
30,log1p,flag,2.5,5,loot_box,16,9,1,8,8,8,26,5.0,0.0,-3.0,0.333,0.0
30,log1p,flag,2.5,5,screen_time,16,8,2,8,6,8,17,5.0,0.0,0.0,0.25,0.0
30,log1p,flag,2.5,5,video_game_addiction,16,7,0,8,7,8,27,5.0,0.0,,0.286,0.0
30,log1p,flag,2.5,5,video_game_violence,16,8,2,8,6,8,29,5.0,0.5,2.5,0.5,0.0
30,log1p,flag,2.5,5,esports,16,7,0,8,7,8,29,5.0,0.0,,0.143,0.0
30,log1p,watch,1.5,2,loot_box,16,2,0,8,2,8,13,5.0,-1.0,,0.0,0.0
30,log1p,watch,1.5,2,screen_time,16,2,1,8,1,8,6,5.0,-1.0,-1.0,0.0,0.0
30,log1p,watch,1.5,2,video_game_addiction,16,1,0,8,1,8,11,5.0,-2.0,,0.0,0.0
30,log1p,watch,1.5,2,video_game_violence,16,1,0,8,1,8,8,5.0,-2.0,,0.0,0.0
30,log1p,watch,1.5,2,esports,16,0,0,8,0,8,20,5.0,,,,0.0
30,log1p,watch,1.5,3,loot_box,16,2,0,8,2,8,13,5.0,-1.0,,0.0,0.0
30,log1p,watch,1.5,3,screen_time,16,2,1,8,1,8,6,5.0,-1.0,-1.0,0.0,0.0
30,log1p,watch,1.5,3,video_game_addiction,16,1,0,8,1,8,11,5.0,-2.0,,0.0,0.0
30,log1p,watch,1.5,3,video_game_violence,16,1,0,8,1,8,8,5.0,-2.0,,0.0,0.0
30,log1p,watch,1.5,3,esports,16,0,0,8,0,8,20,5.0,,,,0.0
30,log1p,watch,1.5,5,loot_box,16,2,0,8,2,8,13,5.0,-1.0,,0.0,0.0
30,log1p,watch,1.5,5,screen_time,16,2,1,8,1,8,6,5.0,-1.0,-1.0,0.0,0.0
30,log1p,watch,1.5,5,video_game_addiction,16,1,0,8,1,8,11,5.0,-2.0,,0.0,0.0
30,log1p,watch,1.5,5,video_game_violence,16,1,0,8,1,8,8,5.0,-2.0,,0.0,0.0
30,log1p,watch,1.5,5,esports,16,0,0,8,0,8,20,5.0,,,,0.0
30,log1p,watch,2.0,2,loot_box,16,2,0,8,2,8,2,5.0,-1.0,,0.0,0.0
30,log1p,watch,2.0,2,screen_time,16,1,0,8,1,8,0,5.0,-1.0,,0.0,1.0
30,log1p,watch,2.0,2,video_game_addiction,16,1,0,8,1,8,3,5.0,-2.0,,0.0,0.0
30,log1p,watch,2.0,2,video_game_violence,16,1,0,8,1,8,2,5.0,-2.0,,0.0,0.0
30,log1p,watch,2.0,2,esports,16,0,0,8,0,8,4,5.0,,,,0.0
30,log1p,watch,2.0,3,loot_box,16,2,0,8,2,8,2,5.0,-1.0,,0.0,0.0
30,log1p,watch,2.0,3,screen_time,16,1,0,8,1,8,0,5.0,-1.0,,0.0,1.0
30,log1p,watch,2.0,3,video_game_addiction,16,1,0,8,1,8,3,5.0,-2.0,,0.0,0.0
30,log1p,watch,2.0,3,video_game_violence,16,1,0,8,1,8,2,5.0,-2.0,,0.0,0.0
30,log1p,watch,2.0,3,esports,16,0,0,8,0,8,4,5.0,,,,0.0
30,log1p,watch,2.0,5,loot_box,16,2,0,8,2,8,2,5.0,-1.0,,0.0,0.0
30,log1p,watch,2.0,5,screen_time,16,1,0,8,1,8,0,5.0,-1.0,,0.0,1.0
30,log1p,watch,2.0,5,video_game_addiction,16,1,0,8,1,8,3,5.0,-2.0,,0.0,0.0
30,log1p,watch,2.0,5,video_game_violence,16,1,0,8,1,8,2,5.0,-2.0,,0.0,0.0
30,log1p,watch,2.0,5,esports,16,0,0,8,0,8,4,5.0,,,,0.0
30,log1p,watch,2.5,2,loot_box,16,1,0,8,1,8,0,5.0,-1.0,,0.0,1.0
30,log1p,watch,2.5,2,screen_time,16,1,0,8,1,8,0,5.0,-1.0,,0.0,1.0
30,log1p,watch,2.5,2,video_game_addiction,16,0,0,8,0,8,0,5.0,,,,1.0
30,log1p,watch,2.5,2,video_game_violence,16,0,0,8,0,8,0,5.0,,,,1.0
30,log1p,watch,2.5,2,esports,16,0,0,8,0,8,1,5.0,,,,0.0
30,log1p,watch,2.5,3,loot_box,16,1,0,8,1,8,0,5.0,-1.0,,0.0,1.0
30,log1p,watch,2.5,3,screen_time,16,1,0,8,1,8,0,5.0,-1.0,,0.0,1.0
30,log1p,watch,2.5,3,video_game_addiction,16,0,0,8,0,8,0,5.0,,,,1.0
30,log1p,watch,2.5,3,video_game_violence,16,0,0,8,0,8,0,5.0,,,,1.0
30,log1p,watch,2.5,3,esports,16,0,0,8,0,8,1,5.0,,,,0.0
30,log1p,watch,2.5,5,loot_box,16,1,0,8,1,8,0,5.0,-1.0,,0.0,1.0
30,log1p,watch,2.5,5,screen_time,16,1,0,8,1,8,0,5.0,-1.0,,0.0,1.0
30,log1p,watch,2.5,5,video_game_addiction,16,0,0,8,0,8,0,5.0,,,,1.0
30,log1p,watch,2.5,5,video_game_violence,16,0,0,8,0,8,0,5.0,,,,1.0
30,log1p,watch,2.5,5,esports,16,0,0,8,0,8,1,5.0,,,,0.0
90,raw,flag,1.5,2,loot_box,16,8,0,8,8,8,92,5.0,0.0,,0.375,0.0
90,raw,flag,1.5,2,screen_time,16,10,2,8,8,8,155,5.0,0.0,2.0,0.4,0.0
90,raw,flag,1.5,2,video_game_addiction,16,7,1,8,6,8,108,5.0,0.0,0.0,0.286,0.0
90,raw,flag,1.5,2,video_game_violence,16,8,3,8,5,8,102,5.0,0.0,-1.0,0.125,0.0
90,raw,flag,1.5,2,esports,16,8,0,8,8,8,147,5.0,0.0,,0.25,0.0
90,raw,flag,1.5,3,loot_box,16,9,1,8,8,8,88,5.0,0.0,-3.0,0.333,0.0
90,raw,flag,1.5,3,screen_time,16,12,4,8,8,8,150,5.0,0.0,-0.5,0.333,0.0
90,raw,flag,1.5,3,video_game_addiction,16,7,1,8,6,8,106,5.0,0.0,0.0,0.286,0.0
90,raw,flag,1.5,3,video_game_violence,16,9,4,8,5,8,101,5.0,0.0,-0.5,0.222,0.0
90,raw,flag,1.5,3,esports,16,8,0,8,8,8,146,5.0,0.0,,0.25,0.0
90,raw,flag,1.5,5,loot_box,16,9,1,8,8,8,84,5.0,0.0,-3.0,0.333,0.0
90,raw,flag,1.5,5,screen_time,16,12,4,8,8,8,138,5.0,1.0,3.0,0.583,0.0
90,raw,flag,1.5,5,video_game_addiction,16,8,2,8,6,8,104,5.0,0.0,2.5,0.375,0.0
90,raw,flag,1.5,5,video_game_violence,16,10,5,8,5,8,94,5.0,4.0,3.0,0.7,0.0
90,raw,flag,1.5,5,esports,16,9,1,8,8,8,144,5.0,0.0,-5.0,0.333,0.0
90,raw,flag,2.0,2,loot_box,16,8,0,8,8,8,52,5.0,0.0,,0.375,0.0
90,raw,flag,2.0,2,screen_time,16,9,1,8,8,8,70,5.0,0.0,1.0,0.222,0.0
90,raw,flag,2.0,2,video_game_addiction,16,7,1,8,6,8,53,5.0,0.0,0.0,0.143,0.0
90,raw,flag,2.0,2,video_game_violence,16,6,1,8,5,8,55,5.0,0.0,0.0,0.167,0.0
90,raw,flag,2.0,2,esports,16,8,0,8,8,8,65,5.0,0.0,,0.25,0.0
90,raw,flag,2.0,3,loot_box,16,9,1,8,8,8,50,5.0,0.0,-3.0,0.333,0.0
90,raw,flag,2.0,3,screen_time,16,10,2,8,8,8,66,5.0,0.0,0.0,0.2,0.0
90,raw,flag,2.0,3,video_game_addiction,16,7,1,8,6,8,51,5.0,0.0,0.0,0.286,0.0
90,raw,flag,2.0,3,video_game_violence,16,6,1,8,5,8,55,5.0,0.0,0.0,0.167,0.0
90,raw,flag,2.0,3,esports,16,8,0,8,8,8,64,5.0,0.0,,0.25,0.0
90,raw,flag,2.0,5,loot_box,16,9,1,8,8,8,46,5.0,0.0,-3.0,0.333,0.0
90,raw,flag,2.0,5,screen_time,16,10,2,8,8,8,63,5.0,0.0,0.5,0.2,0.0
90,raw,flag,2.0,5,video_game_addiction,16,8,2,8,6,8,49,5.0,0.0,2.5,0.375,0.0
90,raw,flag,2.0,5,video_game_violence,16,7,2,8,5,8,52,5.0,0.0,2.5,0.429,0.0
90,raw,flag,2.0,5,esports,16,8,0,8,8,8,64,5.0,0.0,,0.25,0.0
90,raw,flag,2.5,2,loot_box,16,8,0,8,8,8,30,5.0,0.0,,0.375,0.0
90,raw,flag,2.5,2,screen_time,16,9,1,8,8,8,33,5.0,0.0,1.0,0.222,0.0
90,raw,flag,2.5,2,video_game_addiction,16,7,1,8,6,8,28,5.0,0.0,0.0,0.0,0.0
90,raw,flag,2.5,2,video_game_violence,16,5,0,8,5,8,38,5.0,0.0,,0.2,0.0
90,raw,flag,2.5,2,esports,16,8,0,8,8,8,32,5.0,0.0,,0.125,0.0
90,raw,flag,2.5,3,loot_box,16,9,1,8,8,8,28,5.0,0.0,-3.0,0.333,0.0
90,raw,flag,2.5,3,screen_time,16,9,1,8,8,8,30,5.0,0.0,3.0,0.222,0.0
90,raw,flag,2.5,3,video_game_addiction,16,7,1,8,6,8,27,5.0,0.0,0.0,0.143,0.0
90,raw,flag,2.5,3,video_game_violence,16,5,0,8,5,8,38,5.0,0.0,,0.2,0.0
90,raw,flag,2.5,3,esports,16,8,0,8,8,8,32,5.0,0.0,,0.125,0.0
90,raw,flag,2.5,5,loot_box,16,9,1,8,8,8,25,5.0,0.0,-3.0,0.333,0.0
90,raw,flag,2.5,5,screen_time,16,9,1,8,8,8,27,5.0,0.0,4.0,0.222,0.0
90,raw,flag,2.5,5,video_game_addiction,16,7,1,8,6,8,27,5.0,0.0,0.0,0.143,0.0
90,raw,flag,2.5,5,video_game_violence,16,6,1,8,5,8,36,5.0,0.5,5.0,0.5,0.0
90,raw,flag,2.5,5,esports,16,8,0,8,8,8,32,5.0,0.0,,0.125,0.0
90,raw,watch,1.5,2,loot_box,16,3,0,8,3,8,13,5.0,-1.0,,0.0,0.0
90,raw,watch,1.5,2,screen_time,16,2,1,8,1,8,22,5.0,0.5,2.0,0.5,0.0
90,raw,watch,1.5,2,video_game_addiction,16,1,0,8,1,8,5,5.0,1.0,,1.0,0.0
90,raw,watch,1.5,2,video_game_violence,16,2,1,8,1,8,14,5.0,-2.0,-2.0,0.0,0.0
90,raw,watch,1.5,2,esports,16,0,0,8,0,8,36,5.0,,,,0.0
90,raw,watch,1.5,3,loot_box,16,3,0,8,3,8,12,5.0,-1.0,,0.0,0.0
90,raw,watch,1.5,3,screen_time,16,2,1,8,1,8,21,5.0,0.5,2.0,0.5,0.0
90,raw,watch,1.5,3,video_game_addiction,16,1,0,8,1,8,5,5.0,1.0,,1.0,0.0
90,raw,watch,1.5,3,video_game_violence,16,2,1,8,1,8,14,5.0,-2.0,-2.0,0.0,0.0
90,raw,watch,1.5,3,esports,16,0,0,8,0,8,36,5.0,,,,0.0
90,raw,watch,1.5,5,loot_box,16,3,0,8,3,8,10,5.0,-1.0,,0.0,0.0
90,raw,watch,1.5,5,screen_time,16,2,1,8,1,8,19,5.0,0.5,2.0,0.5,0.0
90,raw,watch,1.5,5,video_game_addiction,16,1,0,8,1,8,5,5.0,1.0,,1.0,0.0
90,raw,watch,1.5,5,video_game_violence,16,2,1,8,1,8,14,5.0,-2.0,-2.0,0.0,0.0
90,raw,watch,1.5,5,esports,16,0,0,8,0,8,36,5.0,,,,0.0
90,raw,watch,2.0,2,loot_box,16,2,0,8,2,8,6,5.0,-1.0,,0.0,0.0
90,raw,watch,2.0,2,screen_time,16,2,1,8,1,8,3,5.0,-1.0,-1.0,0.0,0.0
90,raw,watch,2.0,2,video_game_addiction,16,0,0,8,0,8,2,5.0,,,,0.0
90,raw,watch,2.0,2,video_game_violence,16,1,0,8,1,8,7,5.0,-2.0,,0.0,0.0
90,raw,watch,2.0,2,esports,16,0,0,8,0,8,9,5.0,,,,0.0
90,raw,watch,2.0,3,loot_box,16,2,0,8,2,8,6,5.0,-1.0,,0.0,0.0
90,raw,watch,2.0,3,screen_time,16,2,1,8,1,8,3,5.0,-1.0,-1.0,0.0,0.0
90,raw,watch,2.0,3,video_game_addiction,16,0,0,8,0,8,2,5.0,,,,0.0
90,raw,watch,2.0,3,video_game_violence,16,1,0,8,1,8,7,5.0,-2.0,,0.0,0.0
90,raw,watch,2.0,3,esports,16,0,0,8,0,8,9,5.0,,,,0.0
90,raw,watch,2.0,5,loot_box,16,2,0,8,2,8,6,5.0,-1.0,,0.0,0.0
90,raw,watch,2.0,5,screen_time,16,2,1,8,1,8,3,5.0,-1.0,-1.0,0.0,0.0
90,raw,watch,2.0,5,video_game_addiction,16,0,0,8,0,8,2,5.0,,,,0.0
90,raw,watch,2.0,5,video_game_violence,16,1,0,8,1,8,7,5.0,-2.0,,0.0,0.0
90,raw,watch,2.0,5,esports,16,0,0,8,0,8,9,5.0,,,,0.0
90,raw,watch,2.5,2,loot_box,16,2,0,8,2,8,1,5.0,-1.0,,0.0,0.0
90,raw,watch,2.5,2,screen_time,16,1,0,8,1,8,0,5.0,-1.0,,0.0,1.0
90,raw,watch,2.5,2,video_game_addiction,16,0,0,8,0,8,2,5.0,,,,0.0
90,raw,watch,2.5,2,video_game_violence,16,1,0,8,1,8,5,5.0,-2.0,,0.0,0.0
90,raw,watch,2.5,2,esports,16,0,0,8,0,8,1,5.0,,,,0.0
90,raw,watch,2.5,3,loot_box,16,2,0,8,2,8,1,5.0,-1.0,,0.0,0.0
90,raw,watch,2.5,3,screen_time,16,1,0,8,1,8,0,5.0,-1.0,,0.0,1.0
90,raw,watch,2.5,3,video_game_addiction,16,0,0,8,0,8,2,5.0,,,,0.0
90,raw,watch,2.5,3,video_game_violence,16,1,0,8,1,8,5,5.0,-2.0,,0.0,0.0
90,raw,watch,2.5,3,esports,16,0,0,8,0,8,1,5.0,,,,0.0
90,raw,watch,2.5,5,loot_box,16,2,0,8,2,8,1,5.0,-1.0,,0.0,0.0
90,raw,watch,2.5,5,screen_time,16,1,0,8,1,8,0,5.0,-1.0,,0.0,1.0
90,raw,watch,2.5,5,video_game_addiction,16,0,0,8,0,8,2,5.0,,,,0.0
90,raw,watch,2.5,5,video_game_violence,16,1,0,8,1,8,5,5.0,-2.0,,0.0,0.0
90,raw,watch,2.5,5,esports,16,0,0,8,0,8,1,5.0,,,,0.0
90,log1p,flag,1.5,2,loot_box,16,8,0,8,8,8,99,5.0,0.0,,0.375,0.0
90,log1p,flag,1.5,2,screen_time,16,10,2,8,8,8,138,5.0,0.0,0.5,0.2,0.0
90,log1p,flag,1.5,2,video_game_addiction,16,7,1,8,6,8,107,5.0,0.0,0.0,0.286,0.0
90,log1p,flag,1.5,2,video_game_violence,16,8,3,8,5,8,98,5.0,0.0,-1.0,0.125,0.0
90,log1p,flag,1.5,2,esports,16,8,0,8,8,8,126,5.0,0.0,,0.25,0.0
90,log1p,flag,1.5,3,loot_box,16,9,1,8,8,8,95,5.0,0.0,-3.0,0.333,0.0
90,log1p,flag,1.5,3,screen_time,16,11,3,8,8,8,134,5.0,0.0,-1.0,0.182,0.0
90,log1p,flag,1.5,3,video_game_addiction,16,7,1,8,6,8,105,5.0,0.0,0.0,0.286,0.0
90,log1p,flag,1.5,3,video_game_violence,16,9,4,8,5,8,97,5.0,0.0,-0.5,0.222,0.0
90,log1p,flag,1.5,3,esports,16,8,0,8,8,8,125,5.0,0.0,,0.25,0.0
90,log1p,flag,1.5,5,loot_box,16,9,1,8,8,8,90,5.0,0.0,-3.0,0.333,0.0
90,log1p,flag,1.5,5,screen_time,16,12,4,8,8,8,123,5.0,0.0,1.5,0.417,0.0
90,log1p,flag,1.5,5,video_game_addiction,16,8,2,8,6,8,103,5.0,0.0,2.5,0.375,0.0
90,log1p,flag,1.5,5,video_game_violence,16,10,5,8,5,8,91,5.0,3.5,0.0,0.6,0.0
90,log1p,flag,1.5,5,esports,16,8,0,8,8,8,124,5.0,0.0,,0.375,0.0
90,log1p,flag,2.0,2,loot_box,16,8,0,8,8,8,48,5.0,0.0,,0.375,0.0
90,log1p,flag,2.0,2,screen_time,16,9,1,8,8,8,44,5.0,0.0,1.0,0.222,0.0
90,log1p,flag,2.0,2,video_game_addiction,16,7,1,8,6,8,47,5.0,0.0,0.0,0.143,0.0
90,log1p,flag,2.0,2,video_game_violence,16,5,0,8,5,8,49,5.0,0.0,,0.2,0.0
90,log1p,flag,2.0,2,esports,16,8,0,8,8,8,49,5.0,0.0,,0.25,0.0
90,log1p,flag,2.0,3,loot_box,16,9,1,8,8,8,45,5.0,0.0,-3.0,0.333,0.0
90,log1p,flag,2.0,3,screen_time,16,9,1,8,8,8,41,5.0,0.0,3.0,0.222,0.0
90,log1p,flag,2.0,3,video_game_addiction,16,7,1,8,6,8,45,5.0,0.0,0.0,0.286,0.0
90,log1p,flag,2.0,3,video_game_violence,16,5,0,8,5,8,49,5.0,0.0,,0.2,0.0
90,log1p,flag,2.0,3,esports,16,8,0,8,8,8,48,5.0,0.0,,0.25,0.0
90,log1p,flag,2.0,5,loot_box,16,9,1,8,8,8,41,5.0,0.0,-3.0,0.333,0.0
90,log1p,flag,2.0,5,screen_time,16,9,1,8,8,8,38,5.0,0.0,4.0,0.222,0.0
90,log1p,flag,2.0,5,video_game_addiction,16,7,1,8,6,8,44,5.0,0.0,0.0,0.286,0.0
90,log1p,flag,2.0,5,video_game_violence,16,6,1,8,5,8,46,5.0,2.0,5.0,0.5,0.0
90,log1p,flag,2.0,5,esports,16,8,0,8,8,8,48,5.0,0.0,,0.25,0.0
90,log1p,flag,2.5,2,loot_box,16,8,0,8,8,8,26,5.0,0.0,,0.375,0.0
90,log1p,flag,2.5,2,screen_time,16,9,1,8,8,8,19,5.0,0.0,-1.0,0.111,0.0
90,log1p,flag,2.5,2,video_game_addiction,16,7,1,8,6,8,22,5.0,0.0,0.0,0.0,0.0
90,log1p,flag,2.5,2,video_game_violence,16,5,0,8,5,8,23,5.0,0.0,,0.2,0.0
90,log1p,flag,2.5,2,esports,16,8,0,8,8,8,16,5.0,0.0,,0.125,0.0
90,log1p,flag,2.5,3,loot_box,16,9,1,8,8,8,25,5.0,0.0,-3.0,0.333,0.0
90,log1p,flag,2.5,3,screen_time,16,9,1,8,8,8,19,5.0,0.0,-1.0,0.111,0.0
90,log1p,flag,2.5,3,video_game_addiction,16,7,1,8,6,8,21,5.0,0.0,0.0,0.143,0.0
90,log1p,flag,2.5,3,video_game_violence,16,5,0,8,5,8,23,5.0,0.0,,0.2,0.0
90,log1p,flag,2.5,3,esports,16,8,0,8,8,8,16,5.0,0.0,,0.125,0.0
90,log1p,flag,2.5,5,loot_box,16,9,1,8,8,8,22,5.0,0.0,-3.0,0.333,0.0
90,log1p,flag,2.5,5,screen_time,16,9,1,8,8,8,16,5.0,0.0,4.0,0.222,0.0
90,log1p,flag,2.5,5,video_game_addiction,16,7,1,8,6,8,21,5.0,0.0,0.0,0.143,0.0
90,log1p,flag,2.5,5,video_game_violence,16,6,1,8,5,8,21,5.0,0.5,5.0,0.5,0.0
90,log1p,flag,2.5,5,esports,16,8,0,8,8,8,16,5.0,0.0,,0.125,0.0
90,log1p,watch,1.5,2,loot_box,16,3,0,8,3,8,14,5.0,-1.0,,0.0,0.0
90,log1p,watch,1.5,2,screen_time,16,2,1,8,1,8,19,5.0,0.5,2.0,0.5,0.0
90,log1p,watch,1.5,2,video_game_addiction,16,1,0,8,1,8,7,5.0,1.0,,1.0,0.0
90,log1p,watch,1.5,2,video_game_violence,16,1,0,8,1,8,10,5.0,-2.0,,0.0,0.0
90,log1p,watch,1.5,2,esports,16,0,0,8,0,8,28,5.0,,,,0.0
90,log1p,watch,1.5,3,loot_box,16,3,0,8,3,8,13,5.0,-1.0,,0.0,0.0
90,log1p,watch,1.5,3,screen_time,16,2,1,8,1,8,18,5.0,0.5,2.0,0.5,0.0
90,log1p,watch,1.5,3,video_game_addiction,16,1,0,8,1,8,7,5.0,1.0,,1.0,0.0
90,log1p,watch,1.5,3,video_game_violence,16,1,0,8,1,8,10,5.0,-2.0,,0.0,0.0
90,log1p,watch,1.5,3,esports,16,0,0,8,0,8,28,5.0,,,,0.0
90,log1p,watch,1.5,5,loot_box,16,3,0,8,3,8,11,5.0,-1.0,,0.0,0.0
90,log1p,watch,1.5,5,screen_time,16,2,1,8,1,8,16,5.0,0.5,2.0,0.5,0.0
90,log1p,watch,1.5,5,video_game_addiction,16,1,0,8,1,8,7,5.0,1.0,,1.0,0.0
90,log1p,watch,1.5,5,video_game_violence,16,1,0,8,1,8,10,5.0,-2.0,,0.0,0.0
90,log1p,watch,1.5,5,esports,16,0,0,8,0,8,28,5.0,,,,0.0
90,log1p,watch,2.0,2,loot_box,16,2,0,8,2,8,6,5.0,-1.0,,0.0,0.0
90,log1p,watch,2.0,2,screen_time,16,2,1,8,1,8,2,5.0,-1.0,-1.0,0.0,0.0
90,log1p,watch,2.0,2,video_game_addiction,16,0,0,8,0,8,2,5.0,,,,0.0
90,log1p,watch,2.0,2,video_game_violence,16,1,0,8,1,8,5,5.0,-2.0,,0.0,0.0
90,log1p,watch,2.0,2,esports,16,0,0,8,0,8,6,5.0,,,,0.0
90,log1p,watch,2.0,3,loot_box,16,2,0,8,2,8,5,5.0,-1.0,,0.0,0.0
90,log1p,watch,2.0,3,screen_time,16,2,1,8,1,8,2,5.0,-1.0,-1.0,0.0,0.0
90,log1p,watch,2.0,3,video_game_addiction,16,0,0,8,0,8,2,5.0,,,,0.0
90,log1p,watch,2.0,3,video_game_violence,16,1,0,8,1,8,5,5.0,-2.0,,0.0,0.0
90,log1p,watch,2.0,3,esports,16,0,0,8,0,8,6,5.0,,,,0.0
90,log1p,watch,2.0,5,loot_box,16,2,0,8,2,8,3,5.0,-1.0,,0.0,0.0
90,log1p,watch,2.0,5,screen_time,16,2,1,8,1,8,2,5.0,-1.0,-1.0,0.0,0.0
90,log1p,watch,2.0,5,video_game_addiction,16,0,0,8,0,8,2,5.0,,,,0.0
90,log1p,watch,2.0,5,video_game_violence,16,1,0,8,1,8,5,5.0,-2.0,,0.0,0.0
90,log1p,watch,2.0,5,esports,16,0,0,8,0,8,6,5.0,,,,0.0
90,log1p,watch,2.5,2,loot_box,16,2,0,8,2,8,1,5.0,-1.0,,0.0,0.0
90,log1p,watch,2.5,2,screen_time,16,1,0,8,1,8,0,5.0,-1.0,,0.0,1.0
90,log1p,watch,2.5,2,video_game_addiction,16,0,0,8,0,8,1,5.0,,,,0.0
90,log1p,watch,2.5,2,video_game_violence,16,1,0,8,1,8,2,5.0,-2.0,,0.0,0.0
90,log1p,watch,2.5,2,esports,16,0,0,8,0,8,0,5.0,,,,1.0
90,log1p,watch,2.5,3,loot_box,16,2,0,8,2,8,1,5.0,-1.0,,0.0,0.0
90,log1p,watch,2.5,3,screen_time,16,1,0,8,1,8,0,5.0,-1.0,,0.0,1.0
90,log1p,watch,2.5,3,video_game_addiction,16,0,0,8,0,8,1,5.0,,,,0.0
90,log1p,watch,2.5,3,video_game_violence,16,1,0,8,1,8,2,5.0,-2.0,,0.0,0.0
90,log1p,watch,2.5,3,esports,16,0,0,8,0,8,0,5.0,,,,1.0
90,log1p,watch,2.5,5,loot_box,16,2,0,8,2,8,1,5.0,-1.0,,0.0,0.0
90,log1p,watch,2.5,5,screen_time,16,1,0,8,1,8,0,5.0,-1.0,,0.0,1.0
90,log1p,watch,2.5,5,video_game_addiction,16,0,0,8,0,8,1,5.0,,,,0.0
90,log1p,watch,2.5,5,video_game_violence,16,1,0,8,1,8,2,5.0,-2.0,,0.0,0.0
90,log1p,watch,2.5,5,esports,16,0,0,8,0,8,0,5.0,,,,1.0
