zwin,transform,rule,k,w,n_events,det_rate,det_rate_gdelt,det_rate_wiki,false_alarm_per_year,median_lead_days
30,raw,flag,1.5,2,80,0.6,0.25,0.95,27.4,0
30,raw,flag,1.5,3,80,0.65,0.35,0.95,26.9,0
30,raw,flag,1.5,5,80,0.712,0.475,0.95,25.9,0
30,raw,flag,2.0,2,80,0.512,0.1,0.925,14.3,0
30,raw,flag,2.0,3,80,0.525,0.125,0.925,14.1,0
30,raw,flag,2.0,5,80,0.562,0.2,0.925,13.5,0
30,raw,flag,2.5,2,80,0.488,0.075,0.9,7.8,0
30,raw,flag,2.5,3,80,0.5,0.1,0.9,7.6,0
30,raw,flag,2.5,5,80,0.525,0.15,0.9,7.3,0
30,raw,watch,1.5,2,80,0.075,0.025,0.125,2.6,-1
30,raw,watch,1.5,3,80,0.075,0.025,0.125,2.6,-1
30,raw,watch,1.5,5,80,0.075,0.025,0.125,2.6,-1
30,raw,watch,2.0,2,80,0.05,0.0,0.1,0.6,-1
30,raw,watch,2.0,3,80,0.05,0.0,0.1,0.6,-1
30,raw,watch,2.0,5,80,0.05,0.0,0.1,0.6,-1
30,raw,watch,2.5,2,80,0.038,0.0,0.075,0.2,-1
30,raw,watch,2.5,3,80,0.038,0.0,0.075,0.2,-1
30,raw,watch,2.5,5,80,0.038,0.0,0.075,0.2,-1
30,log1p,flag,1.5,2,80,0.55,0.175,0.925,24.5,0
30,log1p,flag,1.5,3,80,0.588,0.25,0.925,24.1,0
30,log1p,flag,1.5,5,80,0.65,0.375,0.925,23.2,0
30,log1p,flag,2.0,2,80,0.5,0.075,0.925,11.2,0
30,log1p,flag,2.0,3,80,0.512,0.1,0.925,11.0,0
30,log1p,flag,2.0,5,80,0.55,0.175,0.925,10.5,0
30,log1p,flag,2.5,2,80,0.45,0.05,0.85,5.6,0
30,log1p,flag,2.5,3,80,0.462,0.075,0.85,5.4,0
30,log1p,flag,2.5,5,80,0.488,0.125,0.85,5.1,0
30,log1p,watch,1.5,2,80,0.075,0.025,0.125,2.3,-1
30,log1p,watch,1.5,3,80,0.075,0.025,0.125,2.3,-1
30,log1p,watch,1.5,5,80,0.075,0.025,0.125,2.3,-1
30,log1p,watch,2.0,2,80,0.062,0.0,0.125,0.4,-1
30,log1p,watch,2.0,3,80,0.062,0.0,0.125,0.4,-1
30,log1p,watch,2.0,5,80,0.062,0.0,0.125,0.4,-1
30,log1p,watch,2.5,2,80,0.025,0.0,0.05,0.0,-1
30,log1p,watch,2.5,3,80,0.025,0.0,0.05,0.0,-1
30,log1p,watch,2.5,5,80,0.025,0.0,0.05,0.0,-1
90,raw,flag,1.5,2,80,0.512,0.15,0.875,24.2,0
90,raw,flag,1.5,3,80,0.562,0.25,0.875,23.6,0
90,raw,flag,1.5,5,80,0.6,0.325,0.875,22.6,0
90,raw,flag,2.0,2,80,0.475,0.075,0.875,11.8,0
90,raw,flag,2.0,3,80,0.5,0.125,0.875,11.4,0
90,raw,flag,2.0,5,80,0.525,0.175,0.875,11.0,0
90,raw,flag,2.5,2,80,0.462,0.05,0.875,6.4,0
90,raw,flag,2.5,3,80,0.475,0.075,0.875,6.2,0
90,raw,flag,2.5,5,80,0.488,0.1,0.875,5.9,0
90,raw,watch,1.5,2,80,0.1,0.05,0.15,3.6,-1
90,raw,watch,1.5,3,80,0.1,0.05,0.15,3.5,-1
90,raw,watch,1.5,5,80,0.1,0.05,0.15,3.4,-1
90,raw,watch,2.0,2,80,0.062,0.025,0.1,1.1,-1
90,raw,watch,2.0,3,80,0.062,0.025,0.1,1.1,-1
90,raw,watch,2.0,5,80,0.062,0.025,0.1,1.1,-1
90,raw,watch,2.5,2,80,0.05,0.0,0.1,0.4,-1
90,raw,watch,2.5,3,80,0.05,0.0,0.1,0.4,-1
90,raw,watch,2.5,5,80,0.05,0.0,0.1,0.4,-1
90,log1p,flag,1.5,2,80,0.512,0.15,0.875,22.7,0
90,log1p,flag,1.5,3,80,0.55,0.225,0.875,22.2,0
90,log1p,flag,1.5,5,80,0.588,0.3,0.875,21.2,0
90,log1p,flag,2.0,2,80,0.462,0.05,0.875,9.5,0
90,log1p,flag,2.0,3,80,0.475,0.075,0.875,9.1,0
90,log1p,flag,2.0,5,80,0.488,0.1,0.875,8.7,0
90,log1p,flag,2.5,2,80,0.462,0.05,0.875,4.2,0
90,log1p,flag,2.5,3,80,0.475,0.075,0.875,4.2,0
90,log1p,flag,2.5,5,80,0.488,0.1,0.875,3.8,0
90,log1p,watch,1.5,2,80,0.088,0.025,0.15,3.1,-1
90,log1p,watch,1.5,3,80,0.088,0.025,0.15,3.0,-1
90,log1p,watch,1.5,5,80,0.088,0.025,0.15,2.9,-1
90,log1p,watch,2.0,2,80,0.062,0.025,0.1,0.8,-1
90,log1p,watch,2.0,3,80,0.062,0.025,0.1,0.8,-1
90,log1p,watch,2.0,5,80,0.062,0.025,0.1,0.7,-1
90,log1p,watch,2.5,2,80,0.05,0.0,0.1,0.2,-1
90,log1p,watch,2.5,3,80,0.05,0.0,0.1,0.2,-1
90,log1p,watch,2.5,5,80,0.05,0.0,0.1,0.2,-1
