topic,period_days,coherence
esports,inf,0.0286
esports,256.0,0.0157
esports,128.0,0.1577
esports,85.33,0.0394
esports,64.0,0.1907
esports,51.2,0.0945
esports,42.67,0.1621
esports,36.57,0.0835
esports,32.0,0.0388
esports,28.44,0.0134
esports,25.6,0.1279
esports,23.27,0.1518
esports,21.33,0.0498
esports,19.69,0.0291
esports,18.29,0.1028
esports,17.07,0.0364
esports,16.0,0.1881
esports,15.06,0.3464
esports,14.22,0.061
esports,13.47,0.0764
esports,12.8,0.0737
esports,12.19,0.022
esports,11.64,0.0534
esports,11.13,0.0847
esports,10.67,0.2186
esports,10.24,0.1993
esports,9.85,0.0923
esports,9.48,0.0417
esports,9.14,0.1471
esports,8.83,0.0887
esports,8.53,0.1094
esports,8.26,0.0927
esports,8.0,0.1509
esports,7.76,0.2103
esports,7.53,0.2366
esports,7.31,0.331
esports,7.11,0.8639
esports,6.92,0.885
esports,6.74,0.3371
esports,6.56,0.005
esports,6.4,0.0343
esports,6.24,0.0555
esports,6.1,0.1289
esports,5.95,0.0164
esports,5.82,0.0101
esports,5.69,0.0772
esports,5.57,0.0393
esports,5.45,0.1106
esports,5.33,0.1542
esports,5.22,0.0025
esports,5.12,0.0189
esports,5.02,0.0714
esports,4.92,0.0001
esports,4.83,0.0391
esports,4.74,0.0135
esports,4.65,0.0056
esports,4.57,0.0477
esports,4.49,0.0072
esports,4.41,0.0536
esports,4.34,0.0085
esports,4.27,0.0442
esports,4.2,0.0057
esports,4.13,0.0688
esports,4.06,0.0184
esports,4.0,0.0976
esports,3.94,0.0645
esports,3.88,0.3397
esports,3.82,0.1169
esports,3.76,0.0013
esports,3.71,0.0182
esports,3.66,0.0061
esports,3.61,0.2873
esports,3.56,0.5132
esports,3.51,0.8704
esports,3.46,0.727
esports,3.41,0.1444
esports,3.37,0.0461
esports,3.32,0.0773
esports,3.28,0.4864
esports,3.24,0.322
esports,3.2,0.11
esports,3.16,0.2788
esports,3.12,0.0836
esports,3.08,0.1317
esports,3.05,0.058
esports,3.01,0.1053
esports,2.98,0.051
esports,2.94,0.038
esports,2.91,0.0445
esports,2.88,0.0494
esports,2.84,0.0755
esports,2.81,0.029
esports,2.78,0.016
esports,2.75,0.0724
esports,2.72,0.155
esports,2.69,0.0501
esports,2.67,0.005
esports,2.64,0.0355
esports,2.61,0.0456
esports,2.59,0.0237
esports,2.56,0.0219
esports,2.53,0.0348
esports,2.51,0.1072
esports,2.49,0.1692
esports,2.46,0.0761
esports,2.44,0.1752
esports,2.42,0.0735
esports,2.39,0.1117
esports,2.37,0.2474
esports,2.35,0.2823
esports,2.33,0.4124
esports,2.31,0.162
esports,2.29,0.1178
esports,2.27,0.3221
esports,2.25,0.0926
esports,2.23,0.0295
esports,2.21,0.0041
esports,2.19,0.0396
esports,2.17,0.0566
esports,2.15,0.0005
esports,2.13,0.0027
esports,2.12,0.2879
esports,2.1,0.1955
esports,2.08,0.0511
esports,2.06,0.0376
esports,2.05,0.1346
esports,2.03,0.167
esports,2.02,0.0536
esports,2.0,0.0323
video_game_addiction,inf,0.0154
video_game_addiction,256.0,0.0356
video_game_addiction,128.0,0.0095
video_game_addiction,85.33,0.054
video_game_addiction,64.0,0.1795
video_game_addiction,51.2,0.2206
video_game_addiction,42.67,0.2207
video_game_addiction,36.57,0.0526
video_game_addiction,32.0,0.222
video_game_addiction,28.44,0.0487
video_game_addiction,25.6,0.0701
video_game_addiction,23.27,0.1028
video_game_addiction,21.33,0.0245
video_game_addiction,19.69,0.1243
video_game_addiction,18.29,0.0129
video_game_addiction,17.07,0.0699
video_game_addiction,16.0,0.054
video_game_addiction,15.06,0.0173
video_game_addiction,14.22,0.0137
video_game_addiction,13.47,0.0149
video_game_addiction,12.8,0.0516
video_game_addiction,12.19,0.1294
video_game_addiction,11.64,0.0096
video_game_addiction,11.13,0.0138
video_game_addiction,10.67,0.0676
video_game_addiction,10.24,0.0439
video_game_addiction,9.85,0.1065
video_game_addiction,9.48,0.0326
video_game_addiction,9.14,0.0057
video_game_addiction,8.83,0.0538
video_game_addiction,8.53,0.1993
video_game_addiction,8.26,0.1182
video_game_addiction,8.0,0.0556
video_game_addiction,7.76,0.0429
video_game_addiction,7.53,0.0247
video_game_addiction,7.31,0.0996
video_game_addiction,7.11,0.8255
video_game_addiction,6.92,0.8203
video_game_addiction,6.74,0.1594
video_game_addiction,6.56,0.1742
video_game_addiction,6.4,0.0975
video_game_addiction,6.24,0.0392
video_game_addiction,6.1,0.0752
video_game_addiction,5.95,0.0415
video_game_addiction,5.82,0.0127
video_game_addiction,5.69,0.0357
video_game_addiction,5.57,0.0628
video_game_addiction,5.45,0.1226
video_game_addiction,5.33,0.0395
video_game_addiction,5.22,0.0286
video_game_addiction,5.12,0.0801
video_game_addiction,5.02,0.2323
video_game_addiction,4.92,0.0209
video_game_addiction,4.83,0.0453
video_game_addiction,4.74,0.1275
video_game_addiction,4.65,0.1047
video_game_addiction,4.57,0.0648
video_game_addiction,4.49,0.0111
video_game_addiction,4.41,0.0085
video_game_addiction,4.34,0.2318
video_game_addiction,4.27,0.0768
video_game_addiction,4.2,0.1399
video_game_addiction,4.13,0.0907
video_game_addiction,4.06,0.0314
video_game_addiction,4.0,0.0831
video_game_addiction,3.94,0.2279
video_game_addiction,3.88,0.0602
video_game_addiction,3.82,0.1121
video_game_addiction,3.76,0.0055
video_game_addiction,3.71,0.1801
video_game_addiction,3.66,0.1
video_game_addiction,3.61,0.0558
video_game_addiction,3.56,0.2496
video_game_addiction,3.51,0.6113
video_game_addiction,3.46,0.4923
video_game_addiction,3.41,0.0305
video_game_addiction,3.37,0.1119
video_game_addiction,3.32,0.0242
video_game_addiction,3.28,0.0053
video_game_addiction,3.24,0.0105
video_game_addiction,3.2,0.0687
video_game_addiction,3.16,0.0098
video_game_addiction,3.12,0.0572
video_game_addiction,3.08,0.0252
video_game_addiction,3.05,0.0119
video_game_addiction,3.01,0.157
video_game_addiction,2.98,0.1291
video_game_addiction,2.94,0.0617
video_game_addiction,2.91,0.0871
video_game_addiction,2.88,0.0373
video_game_addiction,2.84,0.0907
video_game_addiction,2.81,0.0033
video_game_addiction,2.78,0.0805
video_game_addiction,2.75,0.1638
video_game_addiction,2.72,0.2947
video_game_addiction,2.69,0.2087
video_game_addiction,2.67,0.0236
video_game_addiction,2.64,0.0219
video_game_addiction,2.61,0.0522
video_game_addiction,2.59,0.0711
video_game_addiction,2.56,0.2396
video_game_addiction,2.53,0.1783
video_game_addiction,2.51,0.0116
video_game_addiction,2.49,0.0185
video_game_addiction,2.46,0.0395
video_game_addiction,2.44,0.0514
video_game_addiction,2.42,0.0031
video_game_addiction,2.39,0.0313
video_game_addiction,2.37,0.215
video_game_addiction,2.35,0.0553
video_game_addiction,2.33,0.1303
video_game_addiction,2.31,0.0354
video_game_addiction,2.29,0.0762
video_game_addiction,2.27,0.1009
video_game_addiction,2.25,0.0622
video_game_addiction,2.23,0.1898
video_game_addiction,2.21,0.0112
video_game_addiction,2.19,0.0112
video_game_addiction,2.17,0.0451
video_game_addiction,2.15,0.0475
video_game_addiction,2.13,0.0189
video_game_addiction,2.12,0.0598
video_game_addiction,2.1,0.0587
video_game_addiction,2.08,0.0106
video_game_addiction,2.06,0.0534
video_game_addiction,2.05,0.0717
video_game_addiction,2.03,0.0964
video_game_addiction,2.02,0.1283
video_game_addiction,2.0,0.0
loot_box,inf,0.0633
loot_box,256.0,0.0422
loot_box,128.0,0.0126
loot_box,85.33,0.0314
loot_box,64.0,0.0882
loot_box,51.2,0.038
loot_box,42.67,0.0118
loot_box,36.57,0.1656
loot_box,32.0,0.0419
loot_box,28.44,0.0476
loot_box,25.6,0.0911
loot_box,23.27,0.0464
loot_box,21.33,0.1102
loot_box,19.69,0.0116
loot_box,18.29,0.0088
loot_box,17.07,0.0412
loot_box,16.0,0.0549
loot_box,15.06,0.0341
loot_box,14.22,0.2558
loot_box,13.47,0.2694
loot_box,12.8,0.0806
loot_box,12.19,0.0335
loot_box,11.64,0.1348
loot_box,11.13,0.0763
loot_box,10.67,0.0028
loot_box,10.24,0.0195
loot_box,9.85,0.0144
loot_box,9.48,0.02
loot_box,9.14,0.0485
loot_box,8.83,0.1199
loot_box,8.53,0.1899
loot_box,8.26,0.1444
loot_box,8.0,0.03
loot_box,7.76,0.0782
loot_box,7.53,0.2495
loot_box,7.31,0.097
loot_box,7.11,0.5699
loot_box,6.92,0.579
loot_box,6.74,0.0515
loot_box,6.56,0.0328
loot_box,6.4,0.032
loot_box,6.24,0.0052
loot_box,6.1,0.0314
loot_box,5.95,0.0701
loot_box,5.82,0.2153
loot_box,5.69,0.0305
loot_box,5.57,0.0313
loot_box,5.45,0.2408
loot_box,5.33,0.1761
loot_box,5.22,0.1152
loot_box,5.12,0.2116
loot_box,5.02,0.181
loot_box,4.92,0.1085
loot_box,4.83,0.015
loot_box,4.74,0.05
loot_box,4.65,0.1032
loot_box,4.57,0.0961
loot_box,4.49,0.1752
loot_box,4.41,0.0384
loot_box,4.34,0.0237
loot_box,4.27,0.0216
loot_box,4.2,0.0322
loot_box,4.13,0.0789
loot_box,4.06,0.0494
loot_box,4.0,0.0492
loot_box,3.94,0.0124
loot_box,3.88,0.0283
loot_box,3.82,0.0077
loot_box,3.76,0.0815
loot_box,3.71,0.033
loot_box,3.66,0.0073
loot_box,3.61,0.0008
loot_box,3.56,0.0699
loot_box,3.51,0.485
loot_box,3.46,0.3383
loot_box,3.41,0.0244
loot_box,3.37,0.0377
loot_box,3.32,0.0186
loot_box,3.28,0.1079
loot_box,3.24,0.2892
loot_box,3.2,0.0148
loot_box,3.16,0.1083
loot_box,3.12,0.1505
loot_box,3.08,0.1639
loot_box,3.05,0.0174
loot_box,3.01,0.0184
loot_box,2.98,0.0047
loot_box,2.94,0.0264
loot_box,2.91,0.0791
loot_box,2.88,0.1365
loot_box,2.84,0.0223
loot_box,2.81,0.1224
loot_box,2.78,0.0659
loot_box,2.75,0.0419
loot_box,2.72,0.1287
loot_box,2.69,0.0015
loot_box,2.67,0.0869
loot_box,2.64,0.058
loot_box,2.61,0.1596
loot_box,2.59,0.1787
loot_box,2.56,0.0446
loot_box,2.53,0.0901
loot_box,2.51,0.0646
loot_box,2.49,0.008
loot_box,2.46,0.0026
loot_box,2.44,0.0947
loot_box,2.42,0.0998
loot_box,2.39,0.0826
loot_box,2.37,0.0244
loot_box,2.35,0.268
loot_box,2.33,0.2907
loot_box,2.31,0.1533
loot_box,2.29,0.0343
loot_box,2.27,0.1629
loot_box,2.25,0.0258
loot_box,2.23,0.3808
loot_box,2.21,0.1777
loot_box,2.19,0.0382
loot_box,2.17,0.0551
loot_box,2.15,0.1335
loot_box,2.13,0.0212
loot_box,2.12,0.0374
loot_box,2.1,0.0952
loot_box,2.08,0.173
loot_box,2.06,0.1186
loot_box,2.05,0.1078
loot_box,2.03,0.0349
loot_box,2.02,0.0259
loot_box,2.0,0.0654
screen_time,inf,0.1117
screen_time,256.0,0.0627
screen_time,128.0,0.1393
screen_time,85.33,0.0222
screen_time,64.0,0.3733
screen_time,51.2,0.0709
screen_time,42.67,0.2378
screen_time,36.57,0.0074
screen_time,32.0,0.2976
screen_time,28.44,0.4512
screen_time,25.6,0.0978
screen_time,23.27,0.1709
screen_time,21.33,0.232
screen_time,19.69,0.229
screen_time,18.29,0.0334
screen_time,17.07,0.0847
screen_time,16.0,0.0201
screen_time,15.06,0.1769
screen_time,14.22,0.0351
screen_time,13.47,0.0036
screen_time,12.8,0.1551
screen_time,12.19,0.1025
screen_time,11.64,0.1307
screen_time,11.13,0.1269
screen_time,10.67,0.0571
screen_time,10.24,0.0591
screen_time,9.85,0.0517
screen_time,9.48,0.0134
screen_time,9.14,0.0253
screen_time,8.83,0.1251
screen_time,8.53,0.0427
screen_time,8.26,0.1154
screen_time,8.0,0.0787
screen_time,7.76,0.0428
screen_time,7.53,0.0528
screen_time,7.31,0.0626
screen_time,7.11,0.8638
screen_time,6.92,0.9062
screen_time,6.74,0.2536
screen_time,6.56,0.2236
screen_time,6.4,0.0377
screen_time,6.24,0.1258
screen_time,6.1,0.0253
screen_time,5.95,0.0397
screen_time,5.82,0.0286
screen_time,5.69,0.0203
screen_time,5.57,0.0317
screen_time,5.45,0.0164
screen_time,5.33,0.0589
screen_time,5.22,0.093
screen_time,5.12,0.0957
screen_time,5.02,0.0576
screen_time,4.92,0.0168
screen_time,4.83,0.036
screen_time,4.74,0.0056
screen_time,4.65,0.0075
screen_time,4.57,0.0835
screen_time,4.49,0.1644
screen_time,4.41,0.1525
screen_time,4.34,0.0194
screen_time,4.27,0.0794
screen_time,4.2,0.0066
screen_time,4.13,0.0559
screen_time,4.06,0.0478
screen_time,4.0,0.1061
screen_time,3.94,0.0023
screen_time,3.88,0.0376
screen_time,3.82,0.0515
screen_time,3.76,0.1125
screen_time,3.71,0.0502
screen_time,3.66,0.1022
screen_time,3.61,0.0352
screen_time,3.56,0.3632
screen_time,3.51,0.8214
screen_time,3.46,0.6817
screen_time,3.41,0.096
screen_time,3.37,0.0104
screen_time,3.32,0.0169
screen_time,3.28,0.0926
screen_time,3.24,0.0965
screen_time,3.2,0.0391
screen_time,3.16,0.058
screen_time,3.12,0.0207
screen_time,3.08,0.035
screen_time,3.05,0.0749
screen_time,3.01,0.1392
screen_time,2.98,0.2182
screen_time,2.94,0.0602
screen_time,2.91,0.0061
screen_time,2.88,0.0382
screen_time,2.84,0.0997
screen_time,2.81,0.0067
screen_time,2.78,0.0406
screen_time,2.75,0.0256
screen_time,2.72,0.1454
screen_time,2.69,0.012
screen_time,2.67,0.0546
screen_time,2.64,0.0413
screen_time,2.61,0.0062
screen_time,2.59,0.0866
screen_time,2.56,0.0483
screen_time,2.53,0.0074
screen_time,2.51,0.1027
screen_time,2.49,0.2104
screen_time,2.46,0.0609
screen_time,2.44,0.0197
screen_time,2.42,0.0163
screen_time,2.39,0.0434
screen_time,2.37,0.0256
screen_time,2.35,0.1497
screen_time,2.33,0.4131
screen_time,2.31,0.0027
screen_time,2.29,0.1695
screen_time,2.27,0.0041
screen_time,2.25,0.0455
screen_time,2.23,0.1054
screen_time,2.21,0.0921
screen_time,2.19,0.1066
screen_time,2.17,0.0262
screen_time,2.15,0.0018
screen_time,2.13,0.1928
screen_time,2.12,0.2211
screen_time,2.1,0.1181
screen_time,2.08,0.0154
screen_time,2.06,0.0697
screen_time,2.05,0.0853
screen_time,2.03,0.0138
screen_time,2.02,0.0548
screen_time,2.0,0.0124
video_game_violence,inf,0.2697
video_game_violence,256.0,0.0195
video_game_violence,128.0,0.0081
video_game_violence,85.33,0.1829
video_game_violence,64.0,0.0402
video_game_violence,51.2,0.0854
video_game_violence,42.67,0.178
video_game_violence,36.57,0.0115
video_game_violence,32.0,0.0459
video_game_violence,28.44,0.0411
video_game_violence,25.6,0.0385
video_game_violence,23.27,0.0713
video_game_violence,21.33,0.0395
video_game_violence,19.69,0.0053
video_game_violence,18.29,0.2962
video_game_violence,17.07,0.0107
video_game_violence,16.0,0.0238
video_game_violence,15.06,0.0093
video_game_violence,14.22,0.1689
video_game_violence,13.47,0.1489
video_game_violence,12.8,0.021
video_game_violence,12.19,0.0056
video_game_violence,11.64,0.1304
video_game_violence,11.13,0.0784
video_game_violence,10.67,0.0383
video_game_violence,10.24,0.0975
video_game_violence,9.85,0.0569
video_game_violence,9.48,0.0551
video_game_violence,9.14,0.0223
video_game_violence,8.83,0.0849
video_game_violence,8.53,0.1008
video_game_violence,8.26,0.0341
video_game_violence,8.0,0.1295
video_game_violence,7.76,0.2122
video_game_violence,7.53,0.0007
video_game_violence,7.31,0.091
video_game_violence,7.11,0.7843
video_game_violence,6.92,0.7468
video_game_violence,6.74,0.2964
video_game_violence,6.56,0.1591
video_game_violence,6.4,0.0547
video_game_violence,6.24,0.0414
video_game_violence,6.1,0.164
video_game_violence,5.95,0.1704
video_game_violence,5.82,0.1709
video_game_violence,5.69,0.0757
video_game_violence,5.57,0.0994
video_game_violence,5.45,0.2472
video_game_violence,5.33,0.0431
video_game_violence,5.22,0.0117
video_game_violence,5.12,0.0631
video_game_violence,5.02,0.2094
video_game_violence,4.92,0.0146
video_game_violence,4.83,0.016
video_game_violence,4.74,0.036
video_game_violence,4.65,0.0257
video_game_violence,4.57,0.2695
video_game_violence,4.49,0.1227
video_game_violence,4.41,0.0313
video_game_violence,4.34,0.0644
video_game_violence,4.27,0.0566
video_game_violence,4.2,0.2468
video_game_violence,4.13,0.1239
video_game_violence,4.06,0.0023
video_game_violence,4.0,0.2074
video_game_violence,3.94,0.0123
video_game_violence,3.88,0.009
video_game_violence,3.82,0.0308
video_game_violence,3.76,0.0623
video_game_violence,3.71,0.194
video_game_violence,3.66,0.2822
video_game_violence,3.61,0.2202
video_game_violence,3.56,0.2329
video_game_violence,3.51,0.5282
video_game_violence,3.46,0.2441
video_game_violence,3.41,0.0572
video_game_violence,3.37,0.013
video_game_violence,3.32,0.0904
video_game_violence,3.28,0.162
video_game_violence,3.24,0.0441
video_game_violence,3.2,0.0242
video_game_violence,3.16,0.1969
video_game_violence,3.12,0.0141
video_game_violence,3.08,0.0653
video_game_violence,3.05,0.0144
video_game_violence,3.01,0.1203
video_game_violence,2.98,0.09
video_game_violence,2.94,0.021
video_game_violence,2.91,0.0101
video_game_violence,2.88,0.1045
video_game_violence,2.84,0.0263
video_game_violence,2.81,0.0321
video_game_violence,2.78,0.0118
video_game_violence,2.75,0.0791
video_game_violence,2.72,0.0317
video_game_violence,2.69,0.0191
video_game_violence,2.67,0.0414
video_game_violence,2.64,0.043
video_game_violence,2.61,0.2375
video_game_violence,2.59,0.0614
video_game_violence,2.56,0.2185
video_game_violence,2.53,0.0565
video_game_violence,2.51,0.1143
video_game_violence,2.49,0.1081
video_game_violence,2.46,0.1521
video_game_violence,2.44,0.0305
video_game_violence,2.42,0.1659
video_game_violence,2.39,0.2666
video_game_violence,2.37,0.083
video_game_violence,2.35,0.1008
video_game_violence,2.33,0.1216
video_game_violence,2.31,0.0161
video_game_violence,2.29,0.0691
video_game_violence,2.27,0.0809
video_game_violence,2.25,0.0475
video_game_violence,2.23,0.1799
video_game_violence,2.21,0.1878
video_game_violence,2.19,0.051
video_game_violence,2.17,0.1986
video_game_violence,2.15,0.0938
video_game_violence,2.13,0.0477
video_game_violence,2.12,0.0651
video_game_violence,2.1,0.1189
video_game_violence,2.08,0.194
video_game_violence,2.06,0.0085
video_game_violence,2.05,0.0047
video_game_violence,2.03,0.1695
video_game_violence,2.02,0.1563
video_game_violence,2.0,0.0032
