topic,direction,optimal_lag,chi2,p_value,n_obs,delta_r2,rmse_reduction_pct
Esports,Media->Public,5,299.2448,1.455549019264091e-62,1819,0.0551,7.3
Esports,Public->Media,4,155.324,1.4709358224741805e-32,1820,0.0637,4.0
Gaming Disorder,Media->Public,8,81.4666,2.4763674674004576e-14,1817,0.0134,2.2
Gaming Disorder,Public->Media,4,83.5431,3.0902855601304163e-17,1821,0.0203,2.2
Loot Box,Media->Public,20,46.5047,0.0006869027804691889,1805,0.0105,1.3
Loot Box,Public->Media,1,69.0993,9.362715532911506e-17,1824,0.0295,1.8
Screen Time,Media->Public,5,283.5725,3.399563806619853e-59,1819,0.0688,7.0
Screen Time,Public->Media,4,144.5804,2.949917189641427e-30,1820,0.0598,3.7
Video Game Violence,Media->Public,13,57.246,1.62382744943959e-07,1812,0.0081,1.5
Video Game Violence,Public->Media,10,65.2874,3.5711886457459147e-10,1815,0.0121,1.8
