topic,direction,lag,chi2,p_unadj,q_BH,bh_threshold,sig_at_q05
esports,media_to_public,1,0.0712,0.7895653715694746,0.792206058430911,0.04983333333333334,False
esports,media_to_public,2,35.1755,2.3000704274620033e-08,5.267336856783214e-08,0.021833333333333333,True
esports,media_to_public,3,44.0211,1.4936614492375699e-09,3.797444362468398e-09,0.019666666666666666,True
esports,media_to_public,4,120.5428,4.0900714047234534e-25,4.3822193622036996e-24,0.004666666666666667,True
esports,media_to_public,5,299.2448,1.455549019264091e-62,4.366647057792273e-60,0.0001666666666666667,True
esports,media_to_public,6,180.3948,2.7973924079534444e-36,1.6784354447720665e-34,0.0008333333333333334,True
esports,media_to_public,7,174.1681,3.3162550751498707e-34,1.6581275375749352e-32,0.001,True
esports,media_to_public,8,161.658,7.197550875298694e-31,1.7993877188246734e-29,0.002,True
esports,media_to_public,9,145.1648,8.836700235242336e-27,1.3255050352863505e-25,0.0033333333333333335,True
esports,media_to_public,10,143.3675,8.593776386649904e-26,9.548640429611005e-25,0.0045,True
esports,media_to_public,11,141.0845,9.800423018323128e-25,1.0138368639644616e-23,0.004833333333333334,True
esports,media_to_public,12,150.3864,4.7335146322595245e-26,5.68021755871143e-25,0.004166666666666667,True
esports,media_to_public,13,132.7415,5.94493051756474e-22,5.095654729341206e-21,0.005833333333333334,True
esports,media_to_public,14,126.5555,3.247134645004633e-20,2.435350983753475e-19,0.006666666666666667,True
esports,media_to_public,15,137.0324,8.84885873834518e-22,7.374048948620984e-21,0.006,True
esports,media_to_public,16,123.2775,1.283968624127397e-18,7.861032392616716e-18,0.008166666666666668,True
esports,media_to_public,17,122.0839,6.175544500058366e-18,3.4955912264481313e-17,0.008833333333333334,True
esports,media_to_public,18,122.6873,1.3030272422954107e-17,7.107421321611332e-17,0.009166666666666667,True
esports,media_to_public,19,133.0987,3.77047028997482e-19,2.406683163813715e-18,0.007833333333333335,True
esports,media_to_public,20,142.2235,1.914502351834161e-20,1.4726941167955085e-19,0.006500000000000001,True
esports,media_to_public,21,148.3859,3.556900644254023e-21,2.8839734953410994e-20,0.0061666666666666675,True
esports,media_to_public,22,143.6664,7.425582910511664e-20,5.303987793222617e-19,0.007000000000000001,True
esports,media_to_public,23,137.016,3.2966003957976447e-18,1.9391767034103795e-17,0.0085,True
esports,media_to_public,24,141.0929,1.4671115345304048e-18,8.802669207182428e-18,0.008333333333333333,True
esports,media_to_public,25,140.8044,4.090733052883511e-18,2.360038299740487e-17,0.008666666666666668,True
esports,media_to_public,26,150.9764,1.3933085859454278e-19,9.288723906302852e-19,0.0075,True
esports,media_to_public,27,134.5889,3.0096394812785567e-16,1.4562771683605918e-15,0.010333333333333333,True
esports,media_to_public,28,155.9766,1.0235961119692521e-19,7.141368223041294e-19,0.0071666666666666675,True
esports,media_to_public,29,155.5251,2.961587384027169e-19,1.9314700330611972e-18,0.007666666666666666,True
esports,media_to_public,30,150.0891,6.467301610597166e-18,3.592945339220648e-17,0.009,True
esports,public_to_media,1,0.8899,0.34550590701190453,0.35017490575530863,0.04933333333333334,False
esports,public_to_media,2,138.978,6.626998866898242e-31,1.7993877188246734e-29,0.0018333333333333335,True
esports,public_to_media,3,135.5597,3.425850305929084e-29,6.423469323617032e-28,0.002666666666666667,True
esports,public_to_media,4,155.324,1.4709358224741805e-32,6.304010667746488e-31,0.0011666666666666668,True
esports,public_to_media,5,104.2735,6.6346734094025514e-21,5.237900060054646e-20,0.006333333333333334,True
esports,public_to_media,6,62.4647,1.4188558436904265e-11,4.38821394955802e-11,0.016166666666666666,True
esports,public_to_media,7,79.9366,1.419107895473616e-14,5.753140116784931e-14,0.012333333333333335,True
esports,public_to_media,8,76.4898,2.4802718862181215e-13,9.074165437383372e-13,0.013666666666666667,True
esports,public_to_media,9,92.2892,5.648098631073167e-16,2.567317559578712e-15,0.011000000000000001,True
esports,public_to_media,10,88.9578,8.617653456349977e-15,3.541501420417799e-14,0.012166666666666668,True
esports,public_to_media,11,92.679,4.9686618724881574e-15,2.160287770647025e-14,0.011500000000000002,True
esports,public_to_media,12,74.1029,5.4272664017436434e-11,1.5807572043913524e-10,0.017166666666666667,True
esports,public_to_media,13,63.4309,1.2689693057345296e-08,2.9741468103153037e-08,0.021333333333333336,True
esports,public_to_media,14,63.6096,2.705165134807856e-08,6.148102579108764e-08,0.022000000000000002,True
esports,public_to_media,15,60.0721,2.4510845891674325e-07,5.036475183220752e-07,0.024333333333333335,True
esports,public_to_media,16,62.3757,2.0722288268316862e-07,4.3448764418574675e-07,0.023833333333333335,True
esports,public_to_media,17,62.5952,3.895454297373186e-07,7.638145681123894e-07,0.025500000000000002,True
esports,public_to_media,18,62.8965,6.906508763921128e-07,1.2789831044298386e-06,0.027000000000000003,True
esports,public_to_media,19,57.6898,8.924136896753639e-06,1.4240643984181339e-05,0.03133333333333334,True
esports,public_to_media,20,51.1976,0.00014891262807739395,0.00020586999273372437,0.03616666666666667,True
esports,public_to_media,21,52.6491,0.00015437483344190637,0.00021147237457795395,0.0365,True
esports,public_to_media,22,53.076,0.00022163811149231443,0.00029551748198975255,0.037500000000000006,True
esports,public_to_media,23,52.9589,0.0003712232447203693,0.0004800300578280638,0.03866666666666667,True
esports,public_to_media,24,54.1713,0.000404387380183574,0.0005206704465882927,0.03883333333333333,True
esports,public_to_media,25,54.3343,0.0006012470753660795,0.0007453476140901812,0.04033333333333333,True
esports,public_to_media,26,51.5883,0.0020217726510280806,0.0022381247059351443,0.04516666666666667,True
esports,public_to_media,27,46.7253,0.010616639028739938,0.011175409503936778,0.0475,True
esports,public_to_media,28,59.0939,0.0005309739064040839,0.0006692948400051478,0.03966666666666667,True
esports,public_to_media,29,62.4299,0.0003050309994301301,0.00039786652099582187,0.03833333333333334,True
esports,public_to_media,30,63.5699,0.00033326237844508866,0.00043280828369492033,0.038500000000000006,True
loot_box,media_to_public,1,6.2507,0.012414521694789286,0.013022225553974776,0.04766666666666667,True
loot_box,media_to_public,2,3.9881,0.13614525639650898,0.13892373101684588,0.049,False
loot_box,media_to_public,3,9.1134,0.027820578949912134,0.028879493719631975,0.04816666666666667,True
loot_box,media_to_public,4,9.5848,0.048033969191917214,0.04951955586795589,0.0485,True
loot_box,media_to_public,5,19.294,0.0016941948879695438,0.0019035897617635323,0.044500000000000005,True
loot_box,media_to_public,6,19.663,0.003178789057967165,0.0034552054977903964,0.046000000000000006,True
loot_box,media_to_public,7,17.3332,0.015369390857759345,0.016009782143499317,0.048,True
loot_box,media_to_public,8,26.6442,0.0008142261592949261,0.0009809953726444894,0.0415,True
loot_box,media_to_public,9,26.7637,0.0015302994198799077,0.0017324144375998954,0.04416666666666667,True
loot_box,media_to_public,10,27.0243,0.002581427965075627,0.002836734027555634,0.045500000000000006,True
loot_box,media_to_public,11,27.2506,0.004211020393832412,0.004544266612049365,0.04633333333333334,True
loot_box,media_to_public,12,28.5765,0.004551839892310177,0.004894451497107717,0.04650000000000001,True
loot_box,media_to_public,13,29.9851,0.004733082586663373,0.005071159914282185,0.04666666666666667,True
loot_box,media_to_public,14,34.096,0.001996859071879819,0.002218732302088688,0.045000000000000005,True
loot_box,media_to_public,15,36.6082,0.0014433009611199102,0.0016401147285453525,0.044000000000000004,True
loot_box,media_to_public,16,39.9731,0.0007856621159931618,0.0009503977209594699,0.04133333333333333,True
loot_box,media_to_public,17,41.1151,0.0008987658594742586,0.001065730268151295,0.04216666666666667,True
loot_box,media_to_public,18,42.3925,0.000974466699984037,0.0011509449212409885,0.042333333333333334,True
loot_box,media_to_public,19,43.0109,0.0012918470629779122,0.0014848816815838072,0.043500000000000004,True
loot_box,media_to_public,20,46.5047,0.0006869027804691889,0.0008411054454724762,0.04083333333333333,True
loot_box,media_to_public,21,45.3443,0.0015604757250283399,0.001759935028227451,0.044333333333333336,True
loot_box,media_to_public,22,44.3533,0.003202768817612608,0.0034687026905551714,0.04616666666666667,True
loot_box,media_to_public,23,47.1669,0.002135388069761596,0.0023552074298841133,0.04533333333333334,True
loot_box,media_to_public,24,47.712,0.002739679452446419,0.0029887412208506386,0.04583333333333334,True
loot_box,media_to_public,25,46.8581,0.005095402059837659,0.005420640489188998,0.047,True
loot_box,media_to_public,26,46.9108,0.0072021372651480415,0.007634774486022658,0.04716666666666667,True
loot_box,media_to_public,27,47.382,0.00899283632016308,0.00949947498608776,0.04733333333333334,True
loot_box,media_to_public,28,58.0572,0.0007168336763562807,0.0008741874101905863,0.041,True
loot_box,media_to_public,29,57.3578,0.0013011973033022594,0.001489920576300297,0.043666666666666666,True
loot_box,media_to_public,30,56.0834,0.0026707671089562547,0.0029241975645506436,0.04566666666666667,True
loot_box,public_to_media,1,69.0993,9.362715532911506e-17,4.842783896333538e-16,0.009666666666666667,True
loot_box,public_to_media,2,53.0468,3.0272017047254115e-12,9.765166789436812e-12,0.0155,True
loot_box,public_to_media,3,49.7105,9.207923999521752e-11,2.6308354284347863e-10,0.017499999999999998,True
loot_box,public_to_media,4,46.9046,1.5962981329676365e-09,4.024281007481436e-09,0.019833333333333335,True
loot_box,public_to_media,5,44.1313,2.1783348032728548e-08,5.06589489133222e-08,0.021500000000000002,True
loot_box,public_to_media,6,38.7292,8.087936541322901e-07,1.4885772775440921e-06,0.02716666666666667,True
loot_box,public_to_media,7,32.9918,2.6569505622425384e-05,3.985425843363808e-05,0.03333333333333333,True
loot_box,public_to_media,8,31.6222,0.0001088274661261131,0.0001540011313105374,0.035333333333333335,True
loot_box,public_to_media,9,32.5266,0.00016140958399084797,0.00022010397816933815,0.03666666666666667,True
loot_box,public_to_media,10,34.5023,0.00015178063049723362,0.00020887242728977106,0.036333333333333336,True
loot_box,public_to_media,11,37.612,9.094984772285854e-05,0.00013055002065482087,0.034833333333333334,True
loot_box,public_to_media,12,38.3547,0.00013434287611346232,0.00018833113473849857,0.03566666666666667,True
loot_box,public_to_media,13,36.2183,0.0005487593974851724,0.0006888193273872457,0.03983333333333333,True
loot_box,public_to_media,14,36.6786,0.0008250451964963788,0.0009880842732167701,0.04166666666666667,True
loot_box,public_to_media,15,38.15,0.0008573619877652083,0.0010206690330538195,0.042,True
loot_box,public_to_media,16,38.8637,0.0011379683479481265,0.0013283677213402256,0.042833333333333334,True
loot_box,public_to_media,17,40.6013,0.0010638242066221368,0.0012466689921353166,0.04266666666666667,True
loot_box,public_to_media,18,41.3023,0.0013827605225275096,0.0015772933717043834,0.043833333333333335,True
loot_box,public_to_media,19,41.6858,0.001953791743042356,0.0021789498993037425,0.044833333333333336,True
loot_box,public_to_media,20,46.1083,0.0007788972070590613,0.0009460289964280097,0.04116666666666667,True
loot_box,public_to_media,21,51.2805,0.00024139262084150087,0.00031902108481255624,0.03783333333333334,True
loot_box,public_to_media,22,55.7285,9.351073025058781e-05,0.00013358675750083974,0.034999999999999996,True
loot_box,public_to_media,23,55.8745,0.00014737088156606098,0.00020468177995286248,0.036,True
loot_box,public_to_media,24,56.3617,0.00020456488970992223,0.0002751994031972048,0.03716666666666667,True
loot_box,public_to_media,25,56.9308,0.0002730691102473031,0.00035773245883926176,0.03816666666666667,True
loot_box,public_to_media,26,56.8369,0.0004396726475491173,0.0005589059079014203,0.03933333333333333,True
loot_box,public_to_media,27,58.4185,0.0004235201526557992,0.0005406640246669777,0.03916666666666667,True
loot_box,public_to_media,28,58.7749,0.0005825662045054487,0.0007251861466872805,0.04016666666666667,True
loot_box,public_to_media,29,59.8244,0.000649480286735569,0.0007985413361502898,0.04066666666666667,True
loot_box,public_to_media,30,59.0843,0.0011867847850538002,0.001379982308202093,0.043000000000000003,True
screen_time,media_to_public,1,35.9244,2.051212091503908e-09,5.12803022875977e-09,0.020000000000000004,True
screen_time,media_to_public,2,127.2459,2.3382790614754113e-28,4.126374814368373e-27,0.0028333333333333335,True
screen_time,media_to_public,3,144.4002,4.252055567018095e-31,1.4011173217754967e-29,0.0015,True
screen_time,media_to_public,4,218.8487,3.3164496201339436e-46,3.3164496201339435e-44,0.0005,True
screen_time,media_to_public,5,283.5725,3.399563806619853e-59,5.099345709929779e-57,0.0003333333333333334,True
screen_time,media_to_public,6,194.2387,3.19249767040553e-39,2.3943732528041474e-37,0.0006666666666666668,True
screen_time,media_to_public,7,159.2247,4.670391072584989e-31,1.4011173217754967e-29,0.0016666666666666668,True
screen_time,media_to_public,8,155.594,1.3328749186328604e-29,2.665749837265721e-28,0.0025000000000000005,True
screen_time,media_to_public,9,148.06,2.224348837931433e-27,3.707248063219055e-26,0.003,True
screen_time,media_to_public,10,147.11,1.464314695893571e-26,1.909975690295962e-25,0.003833333333333333,True
screen_time,media_to_public,11,150.3345,1.273422410945412e-26,1.7776886110732416e-25,0.0035000000000000005,True
screen_time,media_to_public,12,181.6875,1.9215871688549327e-32,7.205951883205997e-31,0.0013333333333333335,True
screen_time,media_to_public,13,173.7737,3.15214846602707e-30,6.754603855772293e-29,0.0023333333333333335,True
screen_time,media_to_public,14,162.2511,2.501200861781535e-27,3.9492645186024235e-26,0.003166666666666667,True
screen_time,media_to_public,15,159.1324,3.663832550280453e-26,4.579790687850566e-25,0.004,True
screen_time,media_to_public,16,151.2446,4.439494253721862e-24,4.2962847616663184e-23,0.005166666666666667,True
screen_time,media_to_public,17,149.5989,2.9325713811368445e-23,2.749285669815792e-22,0.005333333333333334,True
screen_time,media_to_public,18,148.1806,1.6765362569595327e-22,1.4792966973172347e-21,0.005666666666666667,True
screen_time,media_to_public,19,159.1347,3.7353547257793955e-24,3.7353547257793957e-23,0.005000000000000001,True
screen_time,media_to_public,20,156.0658,4.304330591096957e-23,3.9130278100881424e-22,0.0055000000000000005,True
screen_time,media_to_public,21,142.5302,4.560906726871196e-20,3.3372488245398997e-19,0.006833333333333334,True
screen_time,media_to_public,22,139.3615,4.737039228639186e-19,2.9606495178994916e-18,0.008,True
screen_time,media_to_public,23,130.0616,6.233209824449119e-17,3.2806367497100623e-16,0.009500000000000001,True
screen_time,media_to_public,24,128.3072,3.139030338733259e-16,1.4947763517777423e-15,0.0105,True
screen_time,media_to_public,25,129.8678,3.888218510720848e-16,1.8226024269003975e-15,0.010666666666666668,True
screen_time,media_to_public,26,131.2815,5.061429938108358e-16,2.336044586819242e-15,0.010833333333333334,True
screen_time,media_to_public,27,131.4923,1.0636571717140722e-15,4.7626440524510694e-15,0.011166666666666667,True
screen_time,media_to_public,28,132.4976,1.5940895960318856e-15,7.03274821778773e-15,0.011333333333333334,True
screen_time,media_to_public,29,131.2776,5.748763152112018e-15,2.429054853005078e-14,0.011833333333333335,True
screen_time,media_to_public,30,128.9298,3.1435937201848833e-14,1.1937697671588166e-13,0.013166666666666667,True
screen_time,public_to_media,1,27.8726,1.2957393652924678e-07,2.8817071200810696e-07,0.022333333333333334,True
screen_time,public_to_media,2,119.2041,1.303638314787044e-26,1.7776886110732416e-25,0.003666666666666667,True
screen_time,public_to_media,3,120.4888,6.055560994239563e-26,6.987185762584111e-25,0.004333333333333334,True
screen_time,public_to_media,4,144.5804,2.949917189641427e-30,6.754603855772293e-29,0.002166666666666667,True
screen_time,public_to_media,5,98.1193,1.316237340770553e-19,8.97434550525377e-19,0.007333333333333334,True
screen_time,public_to_media,6,65.8641,2.8731709952537707e-12,9.369035854088382e-12,0.015333333333333332,True
screen_time,public_to_media,7,89.0106,1.9750108377668895e-16,9.875054188834447e-16,0.010000000000000002,True
screen_time,public_to_media,8,82.385,1.616689383185248e-14,6.466757532740992e-14,0.0125,True
screen_time,public_to_media,9,86.6071,7.787319069424732e-15,3.2447162789269715e-14,0.012,True
screen_time,public_to_media,10,87.1858,1.9321352708233672e-14,7.626849753250133e-14,0.012666666666666668,True
screen_time,public_to_media,11,92.431,5.558756910098303e-15,2.38232439004213e-14,0.011666666666666667,True
screen_time,public_to_media,12,76.1929,2.1848161570506907e-11,6.62065502136573e-11,0.0165,True
screen_time,public_to_media,13,69.6188,9.4339440666664e-10,2.482616859649053e-09,0.019000000000000003,True
screen_time,public_to_media,14,67.1387,6.334431793442898e-09,1.5449833642543652e-08,0.0205,True
screen_time,public_to_media,15,60.3422,2.2023435186706585e-07,4.556572797249638e-07,0.02416666666666667,True
screen_time,public_to_media,16,62.3594,2.0855406920915844e-07,4.3448764418574675e-07,0.024,True
screen_time,public_to_media,17,63.2745,2.9982775339637035e-07,5.996555067927407e-07,0.025,True
screen_time,public_to_media,18,63.2505,6.04141849532183e-07,1.1398902821361944e-06,0.026500000000000003,True
screen_time,public_to_media,19,69.101,1.2967682040364814e-07,2.8817071200810696e-07,0.022500000000000003,True
screen_time,public_to_media,20,61.6929,3.883381211989633e-06,6.508460131826201e-06,0.029833333333333337,True
screen_time,public_to_media,21,64.313,2.7813624221523135e-06,4.795452451986747e-06,0.028999999999999998,True
screen_time,public_to_media,22,65.1264,3.7779399019190524e-06,6.367314441436605e-06,0.02966666666666667,True
screen_time,public_to_media,23,69.9554,1.2355736143033624e-06,2.2195933191078365e-06,0.027833333333333335,True
screen_time,public_to_media,24,70.0299,2.16382426396175e-06,3.818513406991324e-06,0.028333333333333335,True
screen_time,public_to_media,25,69.8472,4.054178371306338e-06,6.719632659623764e-06,0.03016666666666667,True
screen_time,public_to_media,26,68.2108,1.2042506986403388e-05,1.901448471537377e-05,0.03166666666666667,True
screen_time,public_to_media,27,65.3473,5.0379935163111696e-05,7.372673438504151e-05,0.03416666666666667,True
screen_time,public_to_media,28,61.3664,0.00027169665914954146,0.0003574956041441335,0.038000000000000006,True
screen_time,public_to_media,29,60.9285,0.00047274364706131054,0.0005984096798244438,0.03950000000000001,True
screen_time,public_to_media,30,61.6443,0.0005794974586105776,0.0007243718232632219,0.04000000000000001,True
video_game_addiction,media_to_public,1,0.0072,0.932198285232827,0.9321982852328269,0.05,False
video_game_addiction,media_to_public,2,5.2336,0.073035844097962,0.07503682612804315,0.04866666666666667,False
video_game_addiction,media_to_public,3,10.6899,0.013526682479224122,0.014139389351105354,0.04783333333333334,True
video_game_addiction,media_to_public,4,14.879,0.004958854049557493,0.005294150230844299,0.04683333333333334,True
video_game_addiction,media_to_public,5,29.7068,1.68431920327745e-05,2.6317487551210154e-05,0.032,True
video_game_addiction,media_to_public,6,65.1168,4.083511288524222e-12,1.30324828357156e-11,0.01566666666666667,True
video_game_addiction,media_to_public,7,60.3203,1.3028114707491344e-10,3.687202275705098e-10,0.017666666666666667,True
video_game_addiction,media_to_public,8,81.4666,2.4763674674004576e-14,9.524490259232529e-14,0.013000000000000001,True
video_game_addiction,media_to_public,9,82.6278,4.849953519587001e-14,1.8187325698451253e-13,0.013333333333333334,True
video_game_addiction,media_to_public,10,82.0292,2.0067628403222596e-13,7.432454964156516e-13,0.013500000000000002,True
video_game_addiction,media_to_public,11,83.5373,3.0427150285253344e-13,1.0997765163344581e-12,0.013833333333333335,True
video_game_addiction,media_to_public,12,83.9265,7.317464098033783e-13,2.523263482080615e-12,0.014499999999999999,True
video_game_addiction,media_to_public,13,85.9802,8.162060372303865e-13,2.782520581467227e-12,0.014666666666666668,True
video_game_addiction,media_to_public,14,71.275,1.1331060621648502e-09,2.9304467124953024e-09,0.019333333333333334,True
video_game_addiction,media_to_public,15,74.0613,8.362402465506575e-10,2.2201068492495333e-09,0.018833333333333334,True
video_game_addiction,media_to_public,16,73.0793,2.8648074581393755e-09,7.102828408610022e-09,0.020166666666666666,True
video_game_addiction,media_to_public,17,72.9065,6.773910545561844e-09,1.638849325539156e-08,0.020666666666666667,True
video_game_addiction,media_to_public,18,71.8271,2.2122969516722188e-08,5.1053006577051203e-08,0.021666666666666667,True
video_game_addiction,media_to_public,19,76.377,7.766994003711828e-09,1.8492842865980546e-08,0.021,True
video_game_addiction,media_to_public,20,70.6681,1.4162909886586065e-07,3.078893453605666e-07,0.023000000000000003,True
video_game_addiction,media_to_public,21,71.7106,1.8641050491541406e-07,3.938250103846776e-07,0.02366666666666667,True
video_game_addiction,media_to_public,22,73.9156,1.5788266295711116e-07,3.3831999205095247e-07,0.023333333333333334,True
video_game_addiction,media_to_public,23,70.5768,9.903351882300042e-07,1.7897623883674776e-06,0.02766666666666667,True
video_game_addiction,media_to_public,24,75.198,3.475052979691639e-07,6.858657196759813e-07,0.025333333333333336,True
video_game_addiction,media_to_public,25,75.5021,5.683755649026438e-07,1.07919411057464e-06,0.026333333333333334,True
video_game_addiction,media_to_public,26,76.0173,8.494568896643576e-07,1.5444670721170138e-06,0.027500000000000004,True
video_game_addiction,media_to_public,27,74.9935,2.115951163467616e-06,3.756126325682159e-06,0.02816666666666667,True
video_game_addiction,media_to_public,28,71.2889,1.2268638380500853e-05,1.9270112639530136e-05,0.03183333333333334,True
video_game_addiction,media_to_public,29,71.4529,1.913568994114293e-05,2.9439522986373738e-05,0.0325,True
video_game_addiction,media_to_public,30,73.002,1.9023050844561838e-05,2.941708893488944e-05,0.03233333333333333,True
video_game_addiction,public_to_media,1,25.0734,5.51900311374893e-07,1.0613467526440249e-06,0.026000000000000002,True
video_game_addiction,public_to_media,2,47.6424,4.5141903027068405e-11,1.3277030302078942e-10,0.017,True
video_game_addiction,public_to_media,3,76.085,2.1209924543468546e-16,1.0431110431214038e-15,0.010166666666666668,True
video_game_addiction,public_to_media,4,83.5431,3.0902855601304163e-17,1.6555101214984374e-16,0.009333333333333334,True
video_game_addiction,public_to_media,5,83.4697,1.5754915930545545e-16,8.01097420197231e-16,0.009833333333333333,True
video_game_addiction,public_to_media,6,76.1791,2.19431462309865e-14,8.549277752332403e-14,0.012833333333333334,True
video_game_addiction,public_to_media,7,70.222,1.3324103289025008e-12,4.4912707715814634e-12,0.014833333333333336,True
video_game_addiction,public_to_media,8,69.7755,5.44697386189707e-12,1.720097009020127e-11,0.015833333333333335,True
video_game_addiction,public_to_media,9,74.1089,2.369028102567737e-12,7.896760341892456e-12,0.015,True
video_game_addiction,public_to_media,10,79.5233,6.225254677040485e-13,2.1971487095437004e-12,0.014166666666666668,True
video_game_addiction,public_to_media,11,81.6144,7.185554613813379e-13,2.506588818772109e-12,0.014333333333333335,True
video_game_addiction,public_to_media,12,84.3048,6.190644918549712e-13,2.1971487095437004e-12,0.014000000000000002,True
video_game_addiction,public_to_media,13,72.5301,2.7373725317493563e-10,7.674876257241185e-10,0.017833333333333336,True
video_game_addiction,public_to_media,14,79.2752,3.8552201914682844e-11,1.1451149083569161e-10,0.016833333333333336,True
video_game_addiction,public_to_media,15,80.0173,6.933950933060271e-11,2.000178153767386e-10,0.017333333333333336,True
video_game_addiction,public_to_media,16,87.2369,8.051163139674426e-12,2.515988481148258e-11,0.016,True
video_game_addiction,public_to_media,17,91.8585,2.799039087430209e-12,9.227601387132558e-12,0.015166666666666669,True
video_game_addiction,public_to_media,18,89.8607,1.5295698299103824e-11,4.68235662217464e-11,0.016333333333333335,True
video_game_addiction,public_to_media,19,89.7899,3.613983763547078e-11,1.0841951290641234e-10,0.016666666666666666,True
video_game_addiction,public_to_media,20,83.9631,8.25762960885102e-10,2.2118650737993802e-09,0.018666666666666668,True
video_game_addiction,public_to_media,21,80.8189,5.889208856587984e-09,1.4481661122757338e-08,0.020333333333333335,True
video_game_addiction,public_to_media,22,80.9805,1.116724999628734e-08,2.6379330699891357e-08,0.021166666666666667,True
video_game_addiction,public_to_media,23,78.6974,5.153670869224287e-08,1.1624821509528466e-07,0.022166666666666668,True
video_game_addiction,public_to_media,24,77.8012,1.3577414920959237e-07,2.9731565520348694e-07,0.022833333333333334,True
video_game_addiction,public_to_media,25,77.3528,2.948470446975154e-07,5.936517678473463e-07,0.024833333333333332,True
video_game_addiction,public_to_media,26,79.3866,2.6054116454576775e-07,5.317166623383016e-07,0.0245,True
video_game_addiction,public_to_media,27,80.993,2.6681700314237696e-07,5.408452766399533e-07,0.02466666666666667,True
video_game_addiction,public_to_media,28,75.1131,3.485219254251795e-06,5.907151278392873e-06,0.0295,True
video_game_addiction,public_to_media,29,75.7781,4.721156303841307e-06,7.697537451915174e-06,0.030666666666666665,True
video_game_addiction,public_to_media,30,78.5969,3.13747643939631e-06,5.347971203516438e-06,0.029333333333333336,True
video_game_violence,media_to_public,1,0.3987,0.527782300812171,0.5331134351638092,0.0495,False
video_game_violence,media_to_public,2,1.0281,0.5980804552897911,0.602094418076971,0.049666666666666665,False
video_game_violence,media_to_public,3,3.6086,0.3069487626036505,0.3121512840037124,0.049166666666666664,False
video_game_violence,media_to_public,4,7.274,0.12210024202624112,0.12501731265485438,0.04883333333333334,False
video_game_violence,media_to_public,5,11.3258,0.04529010480017189,0.04685183255190196,0.04833333333333334,True
video_game_violence,media_to_public,6,31.438,2.0906169080041264e-05,3.1836805705646594e-05,0.03283333333333333,True
video_game_violence,media_to_public,7,25.4266,0.0006373353909220271,0.00078683381595312,0.04050000000000001,True
video_game_violence,media_to_public,8,36.0238,1.7384902078426827e-05,2.7023163852476934e-05,0.03216666666666667,True
video_game_violence,media_to_public,9,35.4235,5.015656950990966e-05,7.372673438504151e-05,0.034,True
video_game_violence,media_to_public,10,34.2931,0.00016472525318280537,0.000223608940972134,0.036833333333333336,True
video_game_violence,media_to_public,11,35.6929,0.00019032595266361862,0.00025719723332921437,0.037,True
video_game_violence,media_to_public,12,39.85,7.615000612372733e-05,0.00010983173960152981,0.03466666666666667,True
video_game_violence,media_to_public,13,57.246,1.62382744943959e-07,3.454952020084234e-07,0.0235,True
video_game_violence,media_to_public,14,46.2712,2.531460076222829e-05,3.8162714716927065e-05,0.03316666666666667,True
video_game_violence,media_to_public,15,58.1441,5.242690408400231e-07,1.0147142725935932e-06,0.025833333333333337,True
video_game_violence,media_to_public,16,61.1077,3.4019651248597757e-07,6.758871108992932e-07,0.025166666666666667,True
video_game_violence,media_to_public,17,61.103,6.902837642410016e-07,1.2789831044298386e-06,0.026833333333333334,True
video_game_violence,media_to_public,18,60.5617,1.659627837099408e-06,2.9636211376775143e-06,0.028000000000000004,True
video_game_violence,media_to_public,19,60.8199,2.868711170650277e-06,4.917790578257618e-06,0.02916666666666667,True
video_game_violence,media_to_public,20,59.9427,7.268638059778776e-06,1.1786980637479098e-05,0.030833333333333338,True
video_game_violence,media_to_public,21,56.6912,3.991872329511777e-05,5.928523261651154e-05,0.03366666666666667,True
video_game_violence,media_to_public,22,58.3031,3.969352343196992e-05,5.924406482383571e-05,0.0335,True
video_game_violence,media_to_public,23,58.0999,7.156727358344525e-05,0.0001037206863528192,0.034499999999999996,True
video_game_violence,media_to_public,24,58.5033,0.00010358216356761358,0.00014727321834257854,0.03516666666666667,True
video_game_violence,media_to_public,25,58.9972,0.00014351673846588303,0.00020025591413844144,0.035833333333333335,True
video_game_violence,media_to_public,26,58.9385,0.00023254062766919515,0.00030868224911840067,0.03766666666666667,True
video_game_violence,media_to_public,27,58.4963,0.00041384400643880914,0.0005305692390241142,0.03900000000000001,True
video_game_violence,media_to_public,28,55.9994,0.0012865770199012017,0.001484511946039848,0.043333333333333335,True
video_game_violence,media_to_public,29,57.4659,0.0012627323573366092,0.0014626243521273466,0.043166666666666666,True
video_game_violence,media_to_public,30,57.536,0.001810907845169288,0.0020271356475775612,0.04466666666666667,True
video_game_violence,public_to_media,1,11.1803,0.0008266971752580311,0.0009880842732167701,0.041833333333333333,True
video_game_violence,public_to_media,2,28.5411,6.344308456909266e-07,1.1895578356704872e-06,0.02666666666666667,True
video_game_violence,public_to_media,3,34.8269,1.3252594724079707e-07,2.9233664832528765e-07,0.02266666666666667,True
video_game_violence,public_to_media,4,37.4157,1.4788307051521567e-07,3.191720946371561e-07,0.02316666666666667,True
video_game_violence,public_to_media,5,36.3254,8.175641552938315e-07,1.4955441865131066e-06,0.027333333333333334,True
video_game_violence,public_to_media,6,36.3775,2.3279117864089636e-06,4.0840557656297605e-06,0.028499999999999998,True
video_game_violence,public_to_media,7,57.5563,4.6333394105802756e-10,1.2563996624249553e-09,0.018333333333333333,True
video_game_violence,public_to_media,8,58.0844,1.1057524350339982e-09,2.884571569653908e-09,0.01916666666666667,True
video_game_violence,public_to_media,9,62.8822,3.7183899248362145e-10,1.0234100710558388e-09,0.018166666666666668,True
video_game_violence,public_to_media,10,65.2874,3.5711886457459147e-10,9.919968460405318e-10,0.018,True
video_game_violence,public_to_media,11,66.9372,4.6486787509723344e-10,1.2563996624249553e-09,0.0185,True
video_game_violence,public_to_media,12,66.6758,1.333882833876481e-09,3.420212394555079e-09,0.019500000000000003,True
video_game_violence,public_to_media,13,64.6817,7.531477982362241e-09,1.8075547157669377e-08,0.020833333333333336,True
video_game_violence,public_to_media,14,56.101,5.595624653177085e-07,1.069227640734475e-06,0.026166666666666668,True
video_game_violence,public_to_media,15,58.4043,4.733119304919377e-07,9.220362282310474e-07,0.025666666666666667,True
video_game_violence,public_to_media,16,55.6844,2.7436960978528993e-06,4.757854504947224e-06,0.028833333333333336,True
video_game_violence,public_to_media,17,56.4549,3.992408478867298e-06,6.654014131445497e-06,0.03,True
video_game_violence,public_to_media,18,56.2376,8.17436521385292e-06,1.318446002234342e-05,0.031,True
video_game_violence,public_to_media,19,57.9124,8.23813679015065e-06,1.3216262230188209e-05,0.031166666666666665,True
video_game_violence,public_to_media,20,62.7558,2.645225764681564e-06,4.613765868630635e-06,0.02866666666666667,True
video_game_violence,public_to_media,21,58.2924,2.3075848508821407e-05,3.496340683154759e-05,0.033,True
video_game_violence,public_to_media,22,57.3889,5.3921634933393684e-05,7.852665281562187e-05,0.034333333333333334,True
video_game_violence,public_to_media,23,66.4069,4.306063856724206e-06,7.097907456138802e-06,0.030333333333333337,True
video_game_violence,public_to_media,24,67.8819,4.555279873834362e-06,7.467671924318625e-06,0.0305,True
video_game_violence,public_to_media,25,66.9873,1.0674180997336281e-05,1.694314444021632e-05,0.0315,True
video_game_violence,public_to_media,26,66.6937,1.984761800715815e-05,3.0379007153813493e-05,0.03266666666666667,True
video_game_violence,public_to_media,27,65.4162,4.929175622395894e-05,7.284495993688513e-05,0.03383333333333333,True
video_game_violence,public_to_media,28,63.8027,0.00013018065866920165,0.00018335304037915724,0.0355,True
video_game_violence,public_to_media,29,63.6483,0.00021267813428791488,0.00028483678699274317,0.037333333333333336,True
video_game_violence,public_to_media,30,59.7426,0.0009890751501754405,0.0011636178237358125,0.0425,True
