topic,equation,dummy,model_lag,coef_raw,p_raw,coef_std,p_std
esports,public,covid_1,4,0.0204,0.0322,0.019,0.2054
esports,public,covid_2,4,0.0233,0.1417,0.021,0.1478
esports,public,covid_3,4,0.0087,0.4586,0.006,0.6600
video_game_addiction,public,covid_1,4,0.0601,0.0022,0.048,0.0020
video_game_addiction,public,covid_2,4,0.0413,0.0004,0.033,0.0282
video_game_addiction,public,covid_3,4,0.0536,0.0000,0.034,0.0204
loot_box,public,covid_1,1,0.0375,0.0948,0.026,0.1258
loot_box,public,covid_2,1,0.0918,0.0000,0.063,0.0002
loot_box,public,covid_3,1,0.0775,0.0369,0.043,0.0107
loot_box,public,uk_lootbox_call,1,0.0262,0.3232,0.011,0.5307
screen_time,public,covid_1,4,-0.0002,0.9859,-0.0,0.9897
screen_time,public,covid_2,4,0.0348,0.0378,0.036,0.0294
screen_time,public,covid_3,4,0.0112,0.3803,0.009,0.5633
video_game_violence,public,covid_1,10,0.0393,0.1401,0.023,0.1195
video_game_violence,public,covid_2,10,0.021,0.4878,0.012,0.3295
video_game_violence,public,covid_3,10,0.0238,0.1142,0.011,0.3564
video_game_violence,public,us_mass_shootings,10,0.0217,0.6686,0.003,0.8039
