topic,direction,n_dropped,baseline_lag,baseline_p,excl_lag,excl_p,lag_change_days,excl_significant
esports,media_to_public,92,5,1.456e-62,5,2.506e-57,0,True
esports,public_to_media,92,4,1.471e-32,4,1.686e-29,0,True
video_game_addiction,media_to_public,92,8,2.476e-14,8,1.715e-15,0,True
video_game_addiction,public_to_media,92,4,3.090e-17,4,1.881e-17,0,True
loot_box,media_to_public,92,20,6.869e-04,28,2.472e-04,8,True
loot_box,public_to_media,92,1,9.363e-17,1,1.251e-14,0,True
screen_time,media_to_public,92,5,3.400e-59,5,8.635e-54,0,True
screen_time,public_to_media,92,4,2.950e-30,4,1.056e-27,0,True
video_game_violence,media_to_public,92,13,1.624e-07,13,1.943e-07,0,True
video_game_violence,public_to_media,92,10,3.571e-10,11,3.857e-09,1,True
