window_start,window_end,n_obs,p_lag1,p_min_30lags,significant_05
2020-01-01,2020-12-31,365,0.4771,0.005324,True
2020-01-31,2021-01-30,365,0.27,0.0008443,True
2020-03-01,2021-03-01,365,0.3567,0.0002662,True
2020-03-31,2021-03-31,365,0.6581,4.707e-05,True
2020-04-30,2021-04-30,364,0.04151,2.937e-05,True
2020-05-30,2021-05-30,364,0.04105,9.257e-05,True
2020-06-29,2021-06-29,364,0.04987,0.0001769,True
2020-07-29,2021-07-29,364,0.1053,0.002062,True
2020-08-28,2021-08-28,365,0.3933,0.0002329,True
2020-09-27,2021-09-27,365,0.5809,0.002714,True
2020-10-28,2021-10-27,365,0.8568,0.0004179,True
2020-11-27,2021-11-26,365,0.001717,0.0006778,True
2020-12-27,2021-12-26,364,0.001684,0.0002165,True
2021-01-26,2022-01-25,364,0.001532,0.000251,True
2021-02-25,2022-02-24,365,0.03581,0.0238,True
2021-03-27,2022-03-26,365,0.1441,0.05751,False
2021-04-26,2022-04-25,365,0.04177,0.02482,True
2021-05-26,2022-05-25,365,0.03313,0.03313,True
2021-06-25,2022-06-24,365,0.005199,0.003384,True
2021-07-25,2022-07-24,365,0.001472,0.00136,True
2021-08-24,2022-08-23,365,0.005724,0.005724,True
2021-09-23,2022-09-22,365,0.004891,0.004891,True
2021-10-23,2022-10-22,365,0.01023,0.01023,True
2021-11-22,2022-11-21,365,0.05023,0.03186,True
2021-12-22,2022-12-21,365,0.0127,0.006747,True
2022-01-21,2023-01-20,365,0.01926,0.01074,True
2022-02-20,2023-02-19,364,0.08825,0.004215,True
2022-03-22,2023-03-21,364,0.09487,0.01369,True
2022-04-21,2023-04-21,364,0.4815,0.07838,False
2022-05-21,2023-05-21,364,0.404,0.0566,False
2022-06-20,2023-06-20,364,0.8856,0.1215,False
2022-07-20,2023-07-20,364,0.4982,0.2636,False
2022-08-19,2023-08-19,364,0.7255,0.2699,False
2022-09-18,2023-09-18,365,0.3186,0.1212,False
2022-10-18,2023-10-18,365,0.1569,0.1489,False
2022-11-17,2023-11-17,364,0.8803,0.1274,False
2022-12-17,2023-12-17,365,0.0181,0.0181,True
2023-01-16,2024-01-16,364,0.9913,0.01616,True
2023-02-15,2024-02-15,365,0.03236,0.009692,True
2023-03-17,2024-03-16,365,0.791,0.004505,True
2023-04-17,2024-04-15,365,0.2092,0.01494,True
2023-05-17,2024-05-15,365,0.1167,0.04863,True
2023-06-16,2024-06-14,365,0.09145,0.01071,True
2023-07-16,2024-07-14,364,0.8869,0.004286,True
2023-08-15,2024-08-13,364,0.8741,0.01364,True
2023-09-14,2024-09-12,364,0.9634,0.07402,False
2023-10-14,2024-10-12,364,0.9596,0.1138,False
2023-11-13,2024-11-11,364,0.9318,0.08499,False
2023-12-13,2024-12-11,364,0.9453,0.04166,True
