topic,date,peak_type,g_ratio,w_ratio,topic_asymmetry_days,g_logdiff,w_logdiff,tls,tls_log
esports,2020-03-26,GDELT峰值,3.036,1.03,1,1.197,0.036,0.718,1.524
esports,2020-04-13,GDELT峰值,1.66,1.135,1,0.516,0.129,0.188,0.508
esports,2020-04-30,GDELT峰值,2.277,1.084,1,0.837,0.086,0.427,0.986
esports,2020-05-21,Wiki峰值,1.316,1.795,1,0.385,0.591,-0.171,-0.27
esports,2020-06-13,Wiki峰值,0.735,1.718,1,-0.3,0.542,-0.352,-1.105
esports,2020-07-03,GDELT峰值,2.663,1.195,1,0.98,0.182,0.525,1.047
esports,2021-03-17,GDELT峰值,1.911,1.195,1,0.728,0.185,0.256,0.713
esports,2021-04-19,Wiki峰值,1.183,1.857,1,0.185,0.637,-0.241,-0.593
esports,2022-01-18,GDELT峰值,3.99,1.107,1,1.523,0.107,1.032,1.858
esports,2022-05-01,Wiki峰值,0.336,2.509,1,-1.042,0.924,-0.778,-2.58
esports,2022-05-28,Wiki峰值,0.341,4.255,1,-1.015,1.45,-1.401,-3.235
esports,2023-01-10,GDELT峰值,2.758,1.141,1,1.211,0.139,0.579,1.407
esports,2023-02-16,GDELT峰值,1.695,0.928,1,0.563,-0.067,0.274,0.827
esports,2024-03-27,Wiki峰值,1.176,2.483,1,0.271,0.91,-0.468,-0.839
esports,2024-04-26,Wiki峰值,0.985,1.535,1,0.016,0.431,-0.197,-0.545
esports,2024-11-15,Wiki峰值,1.182,6.248,1,0.179,1.953,-1.813,-2.328
video_game_addiction,2020-01-21,Wiki峰值,0.818,2.167,4,-0.14,0.79,-0.483,-1.22
video_game_addiction,2020-02-24,GDELT峰值,3.817,1.106,4,1.436,0.107,0.97,1.744
video_game_addiction,2020-03-14,Wiki峰值,0.926,1.828,4,-0.034,0.605,-0.323,-0.839
video_game_addiction,2020-05-09,Wiki峰值,0.926,3.957,4,0.089,1.38,-1.085,-1.694
video_game_addiction,2020-06-19,GDELT峰值,3.971,0.826,4,1.499,-0.188,1.126,2.214
video_game_addiction,2020-06-26,Wiki峰值,1.269,2.774,4,0.279,1.023,-0.539,-0.976
video_game_addiction,2020-07-28,GDELT峰值,6.188,1.164,4,2.014,0.155,1.798,2.44
video_game_addiction,2020-12-07,GDELT峰值,7.842,0.978,4,2.036,-0.019,2.457,2.697
video_game_addiction,2021-09-28,GDELT峰值,4.588,1.583,4,1.589,0.471,1.075,1.467
video_game_addiction,2021-12-07,Wiki峰值,1.01,1.553,4,0.054,0.441,-0.194,-0.508
video_game_addiction,2022-09-22,Wiki峰值,0.696,1.713,4,-0.287,0.562,-0.364,-1.114
video_game_addiction,2023-01-23,GDELT峰值,1.41,0.88,4,0.359,-0.118,0.19,0.626
video_game_addiction,2023-03-04,GDELT峰值,1.85,0.732,4,0.795,-0.307,0.4,1.446
video_game_addiction,2023-04-13,GDELT峰值,1.341,1.041,4,0.333,0.046,0.107,0.377
video_game_addiction,2024-02-21,Wiki峰值,0.625,2.264,4,-0.308,0.835,-0.587,-1.5
video_game_addiction,2024-09-20,Wiki峰值,0.865,3.435,4,-0.09,1.233,-0.92,-1.736
loot_box,2020-04-12,Wiki峰值,0.714,9.492,19,-0.267,2.253,-3.142,-3.307
loot_box,2020-06-04,GDELT峰值,6.716,0.939,19,1.941,-0.058,2.068,2.623
loot_box,2020-07-02,Wiki峰值,3.455,5.497,19,1.299,1.707,-0.731,-0.535
loot_box,2020-07-31,GDELT峰值,11.835,1.068,19,2.674,0.077,3.853,3.408
loot_box,2020-08-27,GDELT峰值,6.562,1.161,19,1.873,0.153,1.933,2.257
loot_box,2020-10-30,Wiki峰值,0.625,1.945,19,-0.21,0.691,-0.472,-1.182
loot_box,2021-04-15,Wiki峰值,1.0,3.333,19,0.078,1.209,-0.835,-1.484
loot_box,2021-06-24,GDELT峰值,2.937,0.99,19,1.269,-0.005,0.697,1.672
loot_box,2021-11-18,Wiki峰值,1.026,2.74,19,0.107,1.014,-0.613,-1.19
loot_box,2021-12-11,GDELT峰值,25.152,0.845,19,3.179,-0.162,8.699,4.384
loot_box,2022-01-28,GDELT峰值,3.922,1.015,19,1.338,0.021,1.04,1.728
loot_box,2022-02-08,Wiki峰值,1.613,1.737,19,0.562,0.599,-0.044,-0.049
loot_box,2022-06-01,Wiki峰值,2.159,3.223,19,0.801,1.426,-0.381,-0.82
loot_box,2023-06-01,GDELT峰值,6.562,1.307,19,1.932,0.271,1.881,2.18
loot_box,2023-07-15,GDELT峰值,10.323,0.943,19,2.466,-0.055,3.357,3.308
loot_box,2024-03-26,Wiki峰值,0.37,7.691,19,-0.722,2.042,-2.62,-3.627
screen_time,2020-02-10,GDELT峰值,1.343,1.068,1,0.314,0.071,0.098,0.319
screen_time,2020-03-31,GDELT峰值,1.291,0.978,1,0.281,-0.019,0.112,0.394
screen_time,2020-04-29,GDELT峰值,1.292,1.016,1,0.274,0.021,0.099,0.332
screen_time,2020-05-28,GDELT峰值,1.579,0.875,1,0.487,-0.13,0.252,0.81
screen_time,2020-06-22,GDELT峰值,1.294,0.992,1,0.289,-0.002,0.108,0.382
screen_time,2020-08-05,GDELT峰值,1.439,0.865,1,0.378,-0.138,0.205,0.677
screen_time,2020-09-17,GDELT峰值,1.339,1.048,1,0.324,0.056,0.104,0.352
screen_time,2020-12-11,GDELT峰值,1.337,0.748,1,0.308,-0.287,0.211,0.781
screen_time,2021-05-11,Wiki峰值,1.149,1.74,1,0.16,0.571,-0.212,-0.539
screen_time,2022-02-07,Wiki峰值,1.12,3.225,1,0.132,1.172,-0.753,-1.365
screen_time,2023-03-30,Wiki峰值,0.899,1.91,1,-0.07,0.657,-0.362,-0.954
screen_time,2023-08-27,Wiki峰值,0.63,1.571,1,-0.436,0.464,-0.337,-1.181
screen_time,2023-09-12,Wiki峰值,1.49,1.616,1,0.44,0.495,-0.045,-0.072
screen_time,2023-10-01,Wiki峰值,0.667,1.688,1,-0.386,0.53,-0.365,-1.202
screen_time,2024-05-30,Wiki峰值,1.246,2.114,1,0.233,0.756,-0.311,-0.686
screen_time,2024-12-02,Wiki峰值,0.927,2.027,1,-0.057,0.708,-0.394,-1.004
video_game_violence,2020-02-05,Wiki峰值,1.341,1.514,3,0.312,0.494,-0.062,-0.239
video_game_violence,2020-02-27,Wiki峰值,1.632,1.41,3,0.514,0.405,0.079,0.143
video_game_violence,2020-04-28,Wiki峰值,1.007,1.339,3,0.026,0.309,-0.119,-0.371
video_game_violence,2020-06-01,GDELT峰值,2.895,1.123,3,1.112,0.127,0.634,1.293
video_game_violence,2020-08-27,GDELT峰值,6.657,1.164,3,2.195,0.154,1.966,2.678
video_game_violence,2020-11-01,Wiki峰值,0.785,1.82,3,-0.009,0.681,-0.37,-0.905
video_game_violence,2021-05-15,GDELT峰值,3.771,0.696,3,1.388,-0.35,1.101,2.281
video_game_violence,2021-10-24,GDELT峰值,3.726,0.872,3,1.341,-0.132,1.021,1.933
video_game_violence,2021-12-05,Wiki峰值,2.513,3.959,3,0.924,1.384,-0.518,-0.604
video_game_violence,2022-04-04,GDELT峰值,5.82,1.305,3,1.782,0.28,1.616,1.971
video_game_violence,2022-05-04,Wiki峰值,1.168,3.151,3,0.311,1.155,-0.71,-1.108
video_game_violence,2022-08-11,Wiki峰值,0.766,12.229,3,-0.227,2.648,-4.102,-3.773
video_game_violence,2023-02-03,GDELT峰值,1.306,0.97,3,0.281,-0.028,0.12,0.406
video_game_violence,2023-02-27,Wiki峰值,0.422,3.729,3,-0.834,1.328,-1.184,-2.837
video_game_violence,2023-03-04,GDELT峰值,2.052,0.525,3,0.806,-0.529,0.546,1.752
video_game_violence,2023-08-27,GDELT峰值,8.387,1.108,3,2.182,0.105,2.605,2.726
