date,views
2020-01-01,203
2020-01-02,212
2020-01-03,233
2020-01-04,207
2020-01-05,271
2020-01-06,258
2020-01-07,263
2020-01-08,258
2020-01-09,271
2020-01-10,207
2020-01-11,171
2020-01-12,267
2020-01-13,331
2020-01-14,280
2020-01-15,288
2020-01-16,271
2020-01-17,243
2020-01-18,208
2020-01-19,231
2020-01-20,276
2020-01-21,264
2020-01-22,275
2020-01-23,256
2020-01-24,236
2020-01-25,214
2020-01-26,275
2020-01-27,346
2020-01-28,288
2020-01-29,267
2020-01-30,246
2020-01-31,206
2020-02-01,148
2020-02-02,228
2020-02-03,214
2020-02-04,197
2020-02-05,179
2020-02-06,215
2020-02-07,192
2020-02-08,187
2020-02-09,238
2020-02-10,216
2020-02-11,222
2020-02-12,274
2020-02-13,253
2020-02-14,169
2020-02-15,171
2020-02-16,303
2020-02-17,293
2020-02-18,247
2020-02-19,241
2020-02-20,207
2020-02-21,177
2020-02-22,188
2020-02-23,217
2020-02-24,309
2020-02-25,211
2020-02-26,198
2020-02-27,202
2020-02-28,238
2020-02-29,197
2020-03-01,257
2020-03-02,284
2020-03-03,249
2020-03-04,224
2020-03-05,224
2020-03-06,201
2020-03-07,184
2020-03-08,202
2020-03-09,188
2020-03-10,197
2020-03-11,278
2020-03-12,203
2020-03-13,155
2020-03-14,166
2020-03-15,244
2020-03-16,226
2020-03-17,221
2020-03-18,255
2020-03-19,261
2020-03-20,279
2020-03-21,231
2020-03-22,311
2020-03-23,312
2020-03-24,281
2020-03-25,272
2020-03-26,277
2020-03-27,269
2020-03-28,282
2020-03-29,319
2020-03-30,331
2020-03-31,289
2020-04-01,290
2020-04-02,258
2020-04-03,313
2020-04-04,257
2020-04-05,319
2020-04-06,404
2020-04-07,342
2020-04-08,297
2020-04-09,267
2020-04-10,265
2020-04-11,227
2020-04-12,251
2020-04-13,376
2020-04-14,370
2020-04-15,302
2020-04-16,321
2020-04-17,292
2020-04-18,334
2020-04-19,359
2020-04-20,343
2020-04-21,321
2020-04-22,377
2020-04-23,384
2020-04-24,273
2020-04-25,274
2020-04-26,331
2020-04-27,349
2020-04-28,323
2020-04-29,315
2020-04-30,364
2020-05-01,330
2020-05-02,248
2020-05-03,363
2020-05-04,367
2020-05-05,346
2020-05-06,373
2020-05-07,337
2020-05-08,328
2020-05-09,237
2020-05-10,324
2020-05-11,339
2020-05-12,288
2020-05-13,405
2020-05-14,313
2020-05-15,331
2020-05-16,338
2020-05-17,335
2020-05-18,354
2020-05-19,349
2020-05-20,289
2020-05-21,298
2020-05-22,232
2020-05-23,344
2020-05-24,346
2020-05-25,306
2020-05-26,335
2020-05-27,280
2020-05-28,282
2020-05-29,258
2020-05-30,253
2020-05-31,277
2020-06-01,327
2020-06-02,266
2020-06-03,296
2020-06-04,327
2020-06-05,251
2020-06-06,194
2020-06-07,270
2020-06-08,304
2020-06-09,286
2020-06-10,285
2020-06-11,244
2020-06-12,268
2020-06-13,224
2020-06-14,246
2020-06-15,298
2020-06-16,295
2020-06-17,237
2020-06-18,259
2020-06-19,270
2020-06-20,214
2020-06-21,200
2020-06-22,234
2020-06-23,204
2020-06-24,216
2020-06-25,222
2020-06-26,171
2020-06-27,166
2020-06-28,248
2020-06-29,237
2020-06-30,237
2020-07-01,212
2020-07-02,207
2020-07-03,207
2020-07-04,211
2020-07-05,256
2020-07-06,355
2020-07-07,277
2020-07-08,233
2020-07-09,247
2020-07-10,231
2020-07-11,185
2020-07-12,213
2020-07-13,233
2020-07-14,230
2020-07-15,247
2020-07-16,215
2020-07-17,221
2020-07-18,294
2020-07-19,243
2020-07-20,260
2020-07-21,239
2020-07-22,231
2020-07-23,284
2020-07-24,212
2020-07-25,216
2020-07-26,256
2020-07-27,256
2020-07-28,271
2020-07-29,256
2020-07-30,240
2020-07-31,224
2020-08-01,191
2020-08-02,222
2020-08-03,248
2020-08-04,265
2020-08-05,199
2020-08-06,195
2020-08-07,185
2020-08-08,237
2020-08-09,326
2020-08-10,314
2020-08-11,266
2020-08-12,214
2020-08-13,212
2020-08-14,227
2020-08-15,164
2020-08-16,226
2020-08-17,245
2020-08-18,226
2020-08-19,247
2020-08-20,206
2020-08-21,189
2020-08-22,228
2020-08-23,281
2020-08-24,224
2020-08-25,236
2020-08-26,235
2020-08-27,224
2020-08-28,190
2020-08-29,223
2020-08-30,242
2020-08-31,269
2020-09-01,242
2020-09-02,237
2020-09-03,252
2020-09-04,270
2020-09-05,208
2020-09-06,277
2020-09-07,294
2020-09-08,291
2020-09-09,234
2020-09-10,267
2020-09-11,310
2020-09-12,259
2020-09-13,388
2020-09-14,335
2020-09-15,312
2020-09-16,347
2020-09-17,344
2020-09-18,409
2020-09-19,336
2020-09-20,365
2020-09-21,443
2020-09-22,348
2020-09-23,361
2020-09-24,324
2020-09-25,315
2020-09-26,296
2020-09-27,345
2020-09-28,400
2020-09-29,477
2020-09-30,390
2020-10-01,362
2020-10-02,279
2020-10-03,289
2020-10-04,364
2020-10-05,354
2020-10-06,329
2020-10-07,336
2020-10-08,390
2020-10-09,282
2020-10-10,383
2020-10-11,393
2020-10-12,389
2020-10-13,394
2020-10-14,389
2020-10-15,415
2020-10-16,442
2020-10-17,296
2020-10-18,366
2020-10-19,337
2020-10-20,284
2020-10-21,365
2020-10-22,321
2020-10-23,280
2020-10-24,282
2020-10-25,316
2020-10-26,398
2020-10-27,325
2020-10-28,336
2020-10-29,408
2020-10-30,310
2020-10-31,313
2020-11-01,300
2020-11-02,431
2020-11-03,447
2020-11-04,303
2020-11-05,332
2020-11-06,307
2020-11-07,331
2020-11-08,345
2020-11-09,400
2020-11-10,364
2020-11-11,424
2020-11-12,429
2020-11-13,346
2020-11-14,262
2020-11-15,368
2020-11-16,445
2020-11-17,404
2020-11-18,358
2020-11-19,358
2020-11-20,349
2020-11-21,327
2020-11-22,418
2020-11-23,386
2020-11-24,412
2020-11-25,364
2020-11-26,368
2020-11-27,304
2020-11-28,284
2020-11-29,310
2020-11-30,423
2020-12-01,391
2020-12-02,416
2020-12-03,442
2020-12-04,394
2020-12-05,370
2020-12-06,449
2020-12-07,458
2020-12-08,409
2020-12-09,392
2020-12-10,423
2020-12-11,319
2020-12-12,402
2020-12-13,406
2020-12-14,476
2020-12-15,443
2020-12-16,365
2020-12-17,362
2020-12-18,346
2020-12-19,291
2020-12-20,320
2020-12-21,328
2020-12-22,285
2020-12-23,313
2020-12-24,203
2020-12-25,220
2020-12-26,241
2020-12-27,292
2020-12-28,342
2020-12-29,298
2020-12-30,254
2020-12-31,224
2021-01-01,312
2021-01-02,248
2021-01-03,383
2021-01-04,332
2021-01-05,380
2021-01-06,302
2021-01-07,320
2021-01-08,323
2021-01-09,265
2021-01-10,390
2021-01-11,350
2021-01-12,412
2021-01-13,362
2021-01-14,346
2021-01-15,377
2021-01-16,287
2021-01-17,346
2021-01-18,363
2021-01-19,382
2021-01-20,425
2021-01-21,370
2021-01-22,364
2021-01-23,289
2021-01-24,379
2021-01-25,412
2021-01-26,416
2021-01-27,453
2021-01-28,379
2021-01-29,382
2021-01-30,293
2021-01-31,370
2021-02-01,404
2021-02-02,420
2021-02-03,387
2021-02-04,384
2021-02-05,456
2021-02-06,313
2021-02-07,349
2021-02-08,440
2021-02-09,473
2021-02-10,391
2021-02-11,412
2021-02-12,384
2021-02-13,334
2021-02-14,380
2021-02-15,398
2021-02-16,339
2021-02-17,401
2021-02-18,391
2021-02-19,370
2021-02-20,329
2021-02-21,395
2021-02-22,513
2021-02-23,496
2021-02-24,464
2021-02-25,418
2021-02-26,358
2021-02-27,293
2021-02-28,381
2021-03-01,476
2021-03-02,448
2021-03-03,435
2021-03-04,389
2021-03-05,383
2021-03-06,282
2021-03-07,433
2021-03-08,402
2021-03-09,378
2021-03-10,404
2021-03-11,375
2021-03-12,386
2021-03-13,264
2021-03-14,380
2021-03-15,443
2021-03-16,379
2021-03-17,365
2021-03-18,391
2021-03-19,351
2021-03-20,299
2021-03-21,385
2021-03-22,405
2021-03-23,435
2021-03-24,350
2021-03-25,405
2021-03-26,361
2021-03-27,255
2021-03-28,397
2021-03-29,404
2021-03-30,438
2021-03-31,367
2021-04-01,347
2021-04-02,305
2021-04-03,303
2021-04-04,375
2021-04-05,421
2021-04-06,385
2021-04-07,440
2021-04-08,344
2021-04-09,353
2021-04-10,345
2021-04-11,402
2021-04-12,398
2021-04-13,412
2021-04-14,362
2021-04-15,396
2021-04-16,343
2021-04-17,297
2021-04-18,383
2021-04-19,394
2021-04-20,404
2021-04-21,411
2021-04-22,434
2021-04-23,312
2021-04-24,348
2021-04-25,374
2021-04-26,459
2021-04-27,395
2021-04-28,364
2021-04-29,381
2021-04-30,364
2021-05-01,363
2021-05-02,427
2021-05-03,437
2021-05-04,433
2021-05-05,376
2021-05-06,456
2021-05-07,395
2021-05-08,317
2021-05-09,411
2021-05-10,570
2021-05-11,748
2021-05-12,618
2021-05-13,483
2021-05-14,440
2021-05-15,364
2021-05-16,424
2021-05-17,514
2021-05-18,429
2021-05-19,414
2021-05-20,360
2021-05-21,432
2021-05-22,331
2021-05-23,414
2021-05-24,411
2021-05-25,414
2021-05-26,368
2021-05-27,333
2021-05-28,404
2021-05-29,327
2021-05-30,402
2021-05-31,449
2021-06-01,393
2021-06-02,344
2021-06-03,369
2021-06-04,368
2021-06-05,328
2021-06-06,447
2021-06-07,473
2021-06-08,510
2021-06-09,480
2021-06-10,466
2021-06-11,391
2021-06-12,387
2021-06-13,469
2021-06-14,489
2021-06-15,403
2021-06-16,438
2021-06-17,465
2021-06-18,414
2021-06-19,361
2021-06-20,404
2021-06-21,376
2021-06-22,434
2021-06-23,382
2021-06-24,298
2021-06-25,309
2021-06-26,336
2021-06-27,379
2021-06-28,401
2021-06-29,385
2021-06-30,337
2021-07-01,361
2021-07-02,379
2021-07-03,272
2021-07-04,321
2021-07-05,385
2021-07-06,387
2021-07-07,337
2021-07-08,370
2021-07-09,338
2021-07-10,225
2021-07-11,300
2021-07-12,366
2021-07-13,389
2021-07-14,339
2021-07-15,350
2021-07-16,291
2021-07-17,333
2021-07-18,338
2021-07-19,351
2021-07-20,304
2021-07-21,315
2021-07-22,353
2021-07-23,303
2021-07-24,260
2021-07-25,348
2021-07-26,327
2021-07-27,300
2021-07-28,346
2021-07-29,418
2021-07-30,264
2021-07-31,240
2021-08-01,292
2021-08-02,349
2021-08-03,292
2021-08-04,294
2021-08-05,325
2021-08-06,317
2021-08-07,228
2021-08-08,273
2021-08-09,313
2021-08-10,280
2021-08-11,285
2021-08-12,336
2021-08-13,300
2021-08-14,275
2021-08-15,329
2021-08-16,285
2021-08-17,267
2021-08-18,287
2021-08-19,262
2021-08-20,293
2021-08-21,226
2021-08-22,230
2021-08-23,310
2021-08-24,306
2021-08-25,356
2021-08-26,341
2021-08-27,285
2021-08-28,265
2021-08-29,302
2021-08-30,293
2021-08-31,280
2021-09-01,325
2021-09-02,322
2021-09-03,265
2021-09-04,230
2021-09-05,290
2021-09-06,296
2021-09-07,284
2021-09-08,294
2021-09-09,356
2021-09-10,336
2021-09-11,236
2021-09-12,298
2021-09-13,298
2021-09-14,305
2021-09-15,353
2021-09-16,302
2021-09-17,334
2021-09-18,294
2021-09-19,345
2021-09-20,357
2021-09-21,339
2021-09-22,320
2021-09-23,321
2021-09-24,270
2021-09-25,240
2021-09-26,276
2021-09-27,380
2021-09-28,336
2021-09-29,296
2021-09-30,344
2021-10-01,303
2021-10-02,304
2021-10-03,375
2021-10-04,320
2021-10-05,392
2021-10-06,309
2021-10-07,306
2021-10-08,284
2021-10-09,272
2021-10-10,338
2021-10-11,386
2021-10-12,392
2021-10-13,324
2021-10-14,298
2021-10-15,263
2021-10-16,225
2021-10-17,274
2021-10-18,283
2021-10-19,303
2021-10-20,287
2021-10-21,294
2021-10-22,280
2021-10-23,244
2021-10-24,334
2021-10-25,323
2021-10-26,258
2021-10-27,284
2021-10-28,251
2021-10-29,240
2021-10-30,221
2021-10-31,261
2021-11-01,338
2021-11-02,314
2021-11-03,242
2021-11-04,248
2021-11-05,260
2021-11-06,273
2021-11-07,267
2021-11-08,297
2021-11-09,363
2021-11-10,318
2021-11-11,322
2021-11-12,269
2021-11-13,376
2021-11-14,312
2021-11-15,359
2021-11-16,341
2021-11-17,396
2021-11-18,276
2021-11-19,268
2021-11-20,270
2021-11-21,314
2021-11-22,350
2021-11-23,367
2021-11-24,285
2021-11-25,299
2021-11-26,299
2021-11-27,237
2021-11-28,361
2021-11-29,360
2021-11-30,336
2021-12-01,352
2021-12-02,317
2021-12-03,291
2021-12-04,360
2021-12-05,342
2021-12-06,368
2021-12-07,323
2021-12-08,272
2021-12-09,322
2021-12-10,304
2021-12-11,295
2021-12-12,331
2021-12-13,441
2021-12-14,384
2021-12-15,328
2021-12-16,277
2021-12-17,278
2021-12-18,239
2021-12-19,261
2021-12-20,278
2021-12-21,274
2021-12-22,200
2021-12-23,230
2021-12-24,220
2021-12-25,207
2021-12-26,234
2021-12-27,258
2021-12-28,248
2021-12-29,282
2021-12-30,246
2021-12-31,211
2022-01-01,204
2022-01-02,383
2022-01-03,302
2022-01-04,320
2022-01-05,287
2022-01-06,262
2022-01-07,329
2022-01-08,259
2022-01-09,277
2022-01-10,304
2022-01-11,267
2022-01-12,315
2022-01-13,301
2022-01-14,267
2022-01-15,259
2022-01-16,334
2022-01-17,337
2022-01-18,307
2022-01-19,301
2022-01-20,262
2022-01-21,264
2022-01-22,295
2022-01-23,298
2022-01-24,305
2022-01-25,301
2022-01-26,316
2022-01-27,277
2022-01-28,279
2022-01-29,302
2022-01-30,329
2022-01-31,360
2022-02-01,294
2022-02-02,317
2022-02-03,302
2022-02-04,296
2022-02-05,249
2022-02-06,295
2022-02-07,941
2022-02-08,326
2022-02-09,292
2022-02-10,358
2022-02-11,278
2022-02-12,221
2022-02-13,312
2022-02-14,351
2022-02-15,283
2022-02-16,342
2022-02-17,326
2022-02-18,280
2022-02-19,283
2022-02-20,346
2022-02-21,383
2022-02-22,302
2022-02-23,325
2022-02-24,332
2022-02-25,272
2022-02-26,248
2022-02-27,307
2022-02-28,329
2022-03-01,287
2022-03-02,269
2022-03-03,270
2022-03-04,299
2022-03-05,226
2022-03-06,255
2022-03-07,305
2022-03-08,284
2022-03-09,258
2022-03-10,290
2022-03-11,304
2022-03-12,219
2022-03-13,257
2022-03-14,330
2022-03-15,272
2022-03-16,290
2022-03-17,227
2022-03-18,227
2022-03-19,254
2022-03-20,285
2022-03-21,388
2022-03-22,354
2022-03-23,316
2022-03-24,229
2022-03-25,280
2022-03-26,207
2022-03-27,253
2022-03-28,314
2022-03-29,298
2022-03-30,360
2022-03-31,301
2022-04-01,260
2022-04-02,375
2022-04-03,298
2022-04-04,307
2022-04-05,285
2022-04-06,292
2022-04-07,283
2022-04-08,252
2022-04-09,284
2022-04-10,314
2022-04-11,331
2022-04-12,311
2022-04-13,251
2022-04-14,264
2022-04-15,228
2022-04-16,264
2022-04-17,309
2022-04-18,334
2022-04-19,364
2022-04-20,326
2022-04-21,320
2022-04-22,292
2022-04-23,220
2022-04-24,291
2022-04-25,300
2022-04-26,295
2022-04-27,261
2022-04-28,272
2022-04-29,254
2022-04-30,215
2022-05-01,317
2022-05-02,239
2022-05-03,229
2022-05-04,243
2022-05-05,295
2022-05-06,213
2022-05-07,207
2022-05-08,264
2022-05-09,241
2022-05-10,237
2022-05-11,250
2022-05-12,359
2022-05-13,307
2022-05-14,211
2022-05-15,273
2022-05-16,270
2022-05-17,241
2022-05-18,219
2022-05-19,223
2022-05-20,222
2022-05-21,173
2022-05-22,273
2022-05-23,192
2022-05-24,243
2022-05-25,218
2022-05-26,208
2022-05-27,216
2022-05-28,188
2022-05-29,240
2022-05-30,261
2022-05-31,266
2022-06-01,209
2022-06-02,189
2022-06-03,205
2022-06-04,184
2022-06-05,222
2022-06-06,271
2022-06-07,225
2022-06-08,193
2022-06-09,207
2022-06-10,227
2022-06-11,186
2022-06-12,280
2022-06-13,311
2022-06-14,267
2022-06-15,206
2022-06-16,234
2022-06-17,210
2022-06-18,198
2022-06-19,207
2022-06-20,235
2022-06-21,208
2022-06-22,205
2022-06-23,205
2022-06-24,195
2022-06-25,184
2022-06-26,198
2022-06-27,229
2022-06-28,243
2022-06-29,192
2022-06-30,188
2022-07-01,175
2022-07-02,176
2022-07-03,261
2022-07-04,230
2022-07-05,244
2022-07-06,208
2022-07-07,164
2022-07-08,201
2022-07-09,190
2022-07-10,238
2022-07-11,220
2022-07-12,248
2022-07-13,218
2022-07-14,211
2022-07-15,212
2022-07-16,190
2022-07-17,282
2022-07-18,227
2022-07-19,249
2022-07-20,223
2022-07-21,361
2022-07-22,363
2022-07-23,217
2022-07-24,379
2022-07-25,259
2022-07-26,288
2022-07-27,309
2022-07-28,262
2022-07-29,325
2022-07-30,267
2022-07-31,357
2022-08-01,283
2022-08-02,296
2022-08-03,368
2022-08-04,278
2022-08-05,331
2022-08-06,222
2022-08-07,320
2022-08-08,324
2022-08-09,255
2022-08-10,269
2022-08-11,306
2022-08-12,302
2022-08-13,281
2022-08-14,280
2022-08-15,308
2022-08-16,301
2022-08-17,274
2022-08-18,244
2022-08-19,266
2022-08-20,320
2022-08-21,285
2022-08-22,299
2022-08-23,284
2022-08-24,301
2022-08-25,226
2022-08-26,213
2022-08-27,216
2022-08-28,267
2022-08-29,297
2022-08-30,256
2022-08-31,246
2022-09-01,205
2022-09-02,221
2022-09-03,236
2022-09-04,254
2022-09-05,291
2022-09-06,345
2022-09-07,313
2022-09-08,287
2022-09-09,275
2022-09-10,265
2022-09-11,322
2022-09-12,337
2022-09-13,303
2022-09-14,301
2022-09-15,308
2022-09-16,247
2022-09-17,253
2022-09-18,293
2022-09-19,315
2022-09-20,298
2022-09-21,367
2022-09-22,322
2022-09-23,247
2022-09-24,374
2022-09-25,392
2022-09-26,344
2022-09-27,397
2022-09-28,407
2022-09-29,381
2022-09-30,339
2022-10-01,304
2022-10-02,358
2022-10-03,350
2022-10-04,341
2022-10-05,313
2022-10-06,380
2022-10-07,278
2022-10-08,261
2022-10-09,345
2022-10-10,350
2022-10-11,336
2022-10-12,307
2022-10-13,340
2022-10-14,295
2022-10-15,248
2022-10-16,340
2022-10-17,342
2022-10-18,340
2022-10-19,273
2022-10-20,283
2022-10-21,298
2022-10-22,220
2022-10-23,324
2022-10-24,287
2022-10-25,363
2022-10-26,307
2022-10-27,311
2022-10-28,254
2022-10-29,262
2022-10-30,290
2022-10-31,371
2022-11-01,354
2022-11-02,323
2022-11-03,340
2022-11-04,271
2022-11-05,261
2022-11-06,331
2022-11-07,308
2022-11-08,296
2022-11-09,287
2022-11-10,244
2022-11-11,257
2022-11-12,218
2022-11-13,296
2022-11-14,319
2022-11-15,313
2022-11-16,235
2022-11-17,264
2022-11-18,228
2022-11-19,175
2022-11-20,290
2022-11-21,290
2022-11-22,278
2022-11-23,248
2022-11-24,234
2022-11-25,192
2022-11-26,209
2022-11-27,323
2022-11-28,291
2022-11-29,305
2022-11-30,278
2022-12-01,244
2022-12-02,239
2022-12-03,233
2022-12-04,257
2022-12-05,254
2022-12-06,252
2022-12-07,269
2022-12-08,262
2022-12-09,245
2022-12-10,223
2022-12-11,255
2022-12-12,277
2022-12-13,281
2022-12-14,255
2022-12-15,252
2022-12-16,234
2022-12-17,184
2022-12-18,286
2022-12-19,368
2022-12-20,236
2022-12-21,235
2022-12-22,213
2022-12-23,237
2022-12-24,188
2022-12-25,218
2022-12-26,234
2022-12-27,250
2022-12-28,241
2022-12-29,211
2022-12-30,268
2022-12-31,220
2023-01-01,300
2023-01-02,363
2023-01-03,325
2023-01-04,308
2023-01-05,337
2023-01-06,261
2023-01-07,247
2023-01-08,341
2023-01-09,385
2023-01-10,345
2023-01-11,321
2023-01-12,359
2023-01-13,300
2023-01-14,289
2023-01-15,305
2023-01-16,358
2023-01-17,375
2023-01-18,309
2023-01-19,365
2023-01-20,333
2023-01-21,327
2023-01-22,378
2023-01-23,379
2023-01-24,378
2023-01-25,293
2023-01-26,377
2023-01-27,324
2023-01-28,278
2023-01-29,438
2023-01-30,447
2023-01-31,354
2023-02-01,318
2023-02-02,318
2023-02-03,288
2023-02-04,257
2023-02-05,309
2023-02-06,313
2023-02-07,317
2023-02-08,319
2023-02-09,330
2023-02-10,277
2023-02-11,272
2023-02-12,328
2023-02-13,343
2023-02-14,355
2023-02-15,265
2023-02-16,259
2023-02-17,252
2023-02-18,238
2023-02-19,302
2023-02-20,328
2023-02-21,320
2023-02-22,295
2023-02-23,326
2023-02-24,302
2023-02-25,293
2023-02-26,407
2023-02-27,353
2023-02-28,355
2023-03-01,385
2023-03-02,419
2023-03-03,342
2023-03-04,332
2023-03-05,351
2023-03-06,408
2023-03-07,322
2023-03-08,453
2023-03-09,383
2023-03-10,360
2023-03-11,368
2023-03-12,403
2023-03-13,456
2023-03-14,454
2023-03-15,395
2023-03-16,333
2023-03-17,395
2023-03-18,420
2023-03-19,433
2023-03-20,404
2023-03-21,384
2023-03-22,373
2023-03-23,373
2023-03-24,367
2023-03-25,273
2023-03-26,317
2023-03-27,317
2023-03-28,293
2023-03-29,423
2023-03-30,620
2023-03-31,384
2023-04-01,304
2023-04-02,306
2023-04-03,353
2023-04-04,380
2023-04-05,335
2023-04-06,261
2023-04-07,292
2023-04-08,245
2023-04-09,263
2023-04-10,286
2023-04-11,284
2023-04-12,225
2023-04-13,263
2023-04-14,257
2023-04-15,247
2023-04-16,290
2023-04-17,321
2023-04-18,315
2023-04-19,296
2023-04-20,303
2023-04-21,288
2023-04-22,286
2023-04-23,317
2023-04-24,365
2023-04-25,287
2023-04-26,307
2023-04-27,295
2023-04-28,222
2023-04-29,237
2023-04-30,325
2023-05-01,364
2023-05-02,339
2023-05-03,374
2023-05-04,307
2023-05-05,336
2023-05-06,283
2023-05-07,304
2023-05-08,347
2023-05-09,335
2023-05-10,319
2023-05-11,300
2023-05-12,304
2023-05-13,273
2023-05-14,289
2023-05-15,371
2023-05-16,269
2023-05-17,257
2023-05-18,274
2023-05-19,235
2023-05-20,217
2023-05-21,280
2023-05-22,261
2023-05-23,276
2023-05-24,266
2023-05-25,256
2023-05-26,210
2023-05-27,201
2023-05-28,246
2023-05-29,300
2023-05-30,288
2023-05-31,291
2023-06-01,361
2023-06-02,344
2023-06-03,274
2023-06-04,310
2023-06-05,345
2023-06-06,345
2023-06-07,314
2023-06-08,292
2023-06-09,316
2023-06-10,213
2023-06-11,290
2023-06-12,283
2023-06-13,262
2023-06-14,268
2023-06-15,236
2023-06-16,236
2023-06-17,255
2023-06-18,250
2023-06-19,325
2023-06-20,308
2023-06-21,305
2023-06-22,245
2023-06-23,246
2023-06-24,214
2023-06-25,263
2023-06-26,266
2023-06-27,207
2023-06-28,279
2023-06-29,257
2023-06-30,212
2023-07-01,268
2023-07-02,275
2023-07-03,280
2023-07-04,269
2023-07-05,253
2023-07-06,251
2023-07-07,248
2023-07-08,240
2023-07-09,312
2023-07-10,270
2023-07-11,254
2023-07-12,264
2023-07-13,242
2023-07-14,283
2023-07-15,272
2023-07-16,298
2023-07-17,240
2023-07-18,221
2023-07-19,243
2023-07-20,223
2023-07-21,256
2023-07-22,281
2023-07-23,234
2023-07-24,230
2023-07-25,267
2023-07-26,223
2023-07-27,258
2023-07-28,270
2023-07-29,265
2023-07-30,271
2023-07-31,284
2023-08-01,344
2023-08-02,298
2023-08-03,315
2023-08-04,401
2023-08-05,346
2023-08-06,358
2023-08-07,359
2023-08-08,273
2023-08-09,268
2023-08-10,325
2023-08-11,378
2023-08-12,402
2023-08-13,343
2023-08-14,369
2023-08-15,331
2023-08-16,398
2023-08-17,394
2023-08-18,466
2023-08-19,444
2023-08-20,317
2023-08-21,444
2023-08-22,369
2023-08-23,403
2023-08-24,250
2023-08-25,305
2023-08-26,325
2023-08-27,519
2023-08-28,345
2023-08-29,429
2023-08-30,307
2023-08-31,273
2023-09-01,328
2023-09-02,332
2023-09-03,414
2023-09-04,329
2023-09-05,442
2023-09-06,470
2023-09-07,352
2023-09-08,416
2023-09-09,244
2023-09-10,382
2023-09-11,323
2023-09-12,555
2023-09-13,320
2023-09-14,420
2023-09-15,313
2023-09-16,372
2023-09-17,355
2023-09-18,427
2023-09-19,356
2023-09-20,422
2023-09-21,430
2023-09-22,283
2023-09-23,284
2023-09-24,459
2023-09-25,401
2023-09-26,417
2023-09-27,342
2023-09-28,379
2023-09-29,310
2023-09-30,308
2023-10-01,593
2023-10-02,349
2023-10-03,347
2023-10-04,380
2023-10-05,405
2023-10-06,289
2023-10-07,362
2023-10-08,387
2023-10-09,455
2023-10-10,394
2023-10-11,371
2023-10-12,412
2023-10-13,359
2023-10-14,312
2023-10-15,344
2023-10-16,444
2023-10-17,394
2023-10-18,308
2023-10-19,391
2023-10-20,333
2023-10-21,302
2023-10-22,461
2023-10-23,363
2023-10-24,345
2023-10-25,398
2023-10-26,427
2023-10-27,406
2023-10-28,410
2023-10-29,306
2023-10-30,412
2023-10-31,303
2023-11-01,391
2023-11-02,375
2023-11-03,340
2023-11-04,346
2023-11-05,347
2023-11-06,332
2023-11-07,299
2023-11-08,349
2023-11-09,329
2023-11-10,251
2023-11-11,305
2023-11-12,306
2023-11-13,319
2023-11-14,368
2023-11-15,302
2023-11-16,341
2023-11-17,306
2023-11-18,221
2023-11-19,276
2023-11-20,335
2023-11-21,274
2023-11-22,316
2023-11-23,297
2023-11-24,232
2023-11-25,225
2023-11-26,280
2023-11-27,377
2023-11-28,312
2023-11-29,343
2023-11-30,325
2023-12-01,280
2023-12-02,265
2023-12-03,443
2023-12-04,323
2023-12-05,278
2023-12-06,347
2023-12-07,323
2023-12-08,258
2023-12-09,271
2023-12-10,289
2023-12-11,329
2023-12-12,278
2023-12-13,324
2023-12-14,352
2023-12-15,257
2023-12-16,276
2023-12-17,297
2023-12-18,292
2023-12-19,265
2023-12-20,290
2023-12-21,265
2023-12-22,273
2023-12-23,274
2023-12-24,247
2023-12-25,266
2023-12-26,276
2023-12-27,281
2023-12-28,294
2023-12-29,369
2023-12-30,327
2023-12-31,273
2024-01-01,296
2024-01-02,338
2024-01-03,304
2024-01-04,273
2024-01-05,283
2024-01-06,238
2024-01-07,324
2024-01-08,351
2024-01-09,323
2024-01-10,312
2024-01-11,280
2024-01-12,311
2024-01-13,238
2024-01-14,310
2024-01-15,310
2024-01-16,335
2024-01-17,330
2024-01-18,353
2024-01-19,273
2024-01-20,283
2024-01-21,331
2024-01-22,349
2024-01-23,323
2024-01-24,357
2024-01-25,337
2024-01-26,344
2024-01-27,294
2024-01-28,295
2024-01-29,431
2024-01-30,369
2024-01-31,359
2024-02-01,320
2024-02-02,302
2024-02-03,265
2024-02-04,350
2024-02-05,306
2024-02-06,292
2024-02-07,363
2024-02-08,301
2024-02-09,295
2024-02-10,246
2024-02-11,287
2024-02-12,314
2024-02-13,281
2024-02-14,272
2024-02-15,318
2024-02-16,293
2024-02-17,338
2024-02-18,497
2024-02-19,370
2024-02-20,335
2024-02-21,380
2024-02-22,327
2024-02-23,303
2024-02-24,236
2024-02-25,314
2024-02-26,325
2024-02-27,334
2024-02-28,344
2024-02-29,315
2024-03-01,303
2024-03-02,284
2024-03-03,329
2024-03-04,333
2024-03-05,352
2024-03-06,348
2024-03-07,346
2024-03-08,334
2024-03-09,285
2024-03-10,319
2024-03-11,393
2024-03-12,339
2024-03-13,390
2024-03-14,361
2024-03-15,351
2024-03-16,286
2024-03-17,335
2024-03-18,367
2024-03-19,340
2024-03-20,340
2024-03-21,348
2024-03-22,323
2024-03-23,318
2024-03-24,390
2024-03-25,332
2024-03-26,378
2024-03-27,314
2024-03-28,369
2024-03-29,344
2024-03-30,289
2024-03-31,348
2024-04-01,381
2024-04-02,266
2024-04-03,360
2024-04-04,337
2024-04-05,295
2024-04-06,347
2024-04-07,326
2024-04-08,314
2024-04-09,324
2024-04-10,299
2024-04-11,306
2024-04-12,258
2024-04-13,246
2024-04-14,301
2024-04-15,348
2024-04-16,366
2024-04-17,363
2024-04-18,319
2024-04-19,292
2024-04-20,281
2024-04-21,352
2024-04-22,339
2024-04-23,346
2024-04-24,291
2024-04-25,467
2024-04-26,387
2024-04-27,389
2024-04-28,301
2024-04-29,371
2024-04-30,378
2024-05-01,355
2024-05-02,330
2024-05-03,325
2024-05-04,349
2024-05-05,310
2024-05-06,340
2024-05-07,349
2024-05-08,368
2024-05-09,328
2024-05-10,275
2024-05-11,290
2024-05-12,251
2024-05-13,307
2024-05-14,344
2024-05-15,270
2024-05-16,259
2024-05-17,254
2024-05-18,257
2024-05-19,224
2024-05-20,276
2024-05-21,254
2024-05-22,287
2024-05-23,274
2024-05-24,285
2024-05-25,231
2024-05-26,257
2024-05-27,265
2024-05-28,307
2024-05-29,338
2024-05-30,591
2024-05-31,269
2024-06-01,264
2024-06-02,267
2024-06-03,283
2024-06-04,283
2024-06-05,270
2024-06-06,267
2024-06-07,233
2024-06-08,230
2024-06-09,332
2024-06-10,437
2024-06-11,375
2024-06-12,292
2024-06-13,270
2024-06-14,242
2024-06-15,242
2024-06-16,292
2024-06-17,278
2024-06-18,279
2024-06-19,253
2024-06-20,236
2024-06-21,263
2024-06-22,235
2024-06-23,265
2024-06-24,254
2024-06-25,293
2024-06-26,256
2024-06-27,228
2024-06-28,285
2024-06-29,274
2024-06-30,256
2024-07-01,269
2024-07-02,267
2024-07-03,284
2024-07-04,266
2024-07-05,242
2024-07-06,259
2024-07-07,256
2024-07-08,226
2024-07-09,222
2024-07-10,287
2024-07-11,263
2024-07-12,247
2024-07-13,239
2024-07-14,230
2024-07-15,279
2024-07-16,267
2024-07-17,234
2024-07-18,249
2024-07-19,269
2024-07-20,239
2024-07-21,250
2024-07-22,295
2024-07-23,264
2024-07-24,492
2024-07-25,366
2024-07-26,277
2024-07-27,242
2024-07-28,266
2024-07-29,249
2024-07-30,255
2024-07-31,318
2024-08-01,284
2024-08-02,296
2024-08-03,232
2024-08-04,271
2024-08-05,259
2024-08-06,263
2024-08-07,258
2024-08-08,306
2024-08-09,280
2024-08-10,224
2024-08-11,228
2024-08-12,256
2024-08-13,398
2024-08-14,317
2024-08-15,278
2024-08-16,269
2024-08-17,259
2024-08-18,306
2024-08-19,285
2024-08-20,254
2024-08-21,324
2024-08-22,362
2024-08-23,306
2024-08-24,318
2024-08-25,257
2024-08-26,333
2024-08-27,289
2024-08-28,328
2024-08-29,385
2024-08-30,283
2024-08-31,222
2024-09-01,300
2024-09-02,329
2024-09-03,339
2024-09-04,325
2024-09-05,245
2024-09-06,372
2024-09-07,355
2024-09-08,297
2024-09-09,317
2024-09-10,310
2024-09-11,282
2024-09-12,219
2024-09-13,277
2024-09-14,212
2024-09-15,317
2024-09-16,358
2024-09-17,324
2024-09-18,322
2024-09-19,287
2024-09-20,326
2024-09-21,222
2024-09-22,262
2024-09-23,325
2024-09-24,309
2024-09-25,335
2024-09-26,326
2024-09-27,309
2024-09-28,293
2024-09-29,332
2024-09-30,271
2024-10-01,305
2024-10-02,328
2024-10-03,315
2024-10-04,308
2024-10-05,283
2024-10-06,335
2024-10-07,313
2024-10-08,239
2024-10-09,253
2024-10-10,343
2024-10-11,283
2024-10-12,249
2024-10-13,348
2024-10-14,349
2024-10-15,279
2024-10-16,328
2024-10-17,325
2024-10-18,319
2024-10-19,231
2024-10-20,292
2024-10-21,272
2024-10-22,374
2024-10-23,228
2024-10-24,232
2024-10-25,263
2024-10-26,257
2024-10-27,256
2024-10-28,319
2024-10-29,328
2024-10-30,322
2024-10-31,283
2024-11-01,315
2024-11-02,236
2024-11-03,248
2024-11-04,266
2024-11-05,309
2024-11-06,277
2024-11-07,257
2024-11-08,235
2024-11-09,248
2024-11-10,285
2024-11-11,287
2024-11-12,295
2024-11-13,473
2024-11-14,269
2024-11-15,242
2024-11-16,238
2024-11-17,264
2024-11-18,370
2024-11-19,345
2024-11-20,344
2024-11-21,281
2024-11-22,295
2024-11-23,214
2024-11-24,310
2024-11-25,328
2024-11-26,321
2024-11-27,246
2024-11-28,254
2024-11-29,263
2024-11-30,229
2024-12-01,288
2024-12-02,519
2024-12-03,349
2024-12-04,335
2024-12-05,430
2024-12-06,473
2024-12-07,289
2024-12-08,325
2024-12-09,374
2024-12-10,266
2024-12-11,269
2024-12-12,320
2024-12-13,257
2024-12-14,210
2024-12-15,265
2024-12-16,289
2024-12-17,337
2024-12-18,286
2024-12-19,266
2024-12-20,250
2024-12-21,224
2024-12-22,264
2024-12-23,233
2024-12-24,219
2024-12-25,201
2024-12-26,255
2024-12-27,389
2024-12-28,283
2024-12-29,259
2024-12-30,319
2024-12-31,316
